id,Name,Author,Status
1,文学少女,野村美月,1
2,TIGER×DRAGON！(龙与虎),竹宫悠由子,0
3,魔法禁书目录,镰池和马,0
4,笨蛋，测验，召唤兽,井上坚二,1
5,狼与香辛料(狼与辛香料),支仓冻砂,1
6,化物语(物语系列一),西尾维新,1
7,碧阳学园学生会议事录(学生会的一己之见),葵关南,1
8,全金属狂潮(惊爆危机),贺东招二,0
9,说谎的男孩与坏掉的女孩,入间人间,1
10,对某飞行员的追忆,犬村小六,1
11,黄昏色的咏使,细音启,0
12,奇诺之旅,时雨泽惠一,0
13,零之使魔,山口升,1
14,灼眼的夏娜,高桥弥七郎,0
16,神的记事本,杉井光,1
17,戏言系列,西尾维新,1
18,虫之歌,岩井恭平,1
19,艾莉森,时雨泽惠一,1
20,伯爵与妖精,谷瑞惠,1
22,初恋魔法电击,明日香正太,1
24,电波系彼女,片山宪太郎,1
25,恶魔少女,わかつきひかる,1
26,终焉的年代记,川上稔,1
27,最终兵器彼女,江良至,1
28,月姬,奈须蘑菇,1
29,镇魂系列,北泽大辅,1
30,最后大魔王,水城正太郎,1
31,夜明前的琉璃色,杂贺匡,1
32,月兔公主,野村美月,1
33,月兔升空时,平坂读,1
34,银河英雄传说,田中芳树,1
35,银魂 3年Z组银八老师,大崎知仁,1
36,银盘万花筒,海原零,1
37,伊里野的天空UFO的夏天,秋山瑞人,1
38,云之彼端约定之地,新海诚,1
39,药师寺凉子怪奇事件簿,田中芳树,1
40,仰望半月的夜空,桥本纺,0
41,虚轴少女,藤原佑,1
43,献上女神的祝福,岩田洋季,1
44,学校的阶梯,棹末高彰,1
46,我的亲爱主人!?,鹰野佑希,1
47,我的妹妹哪有这么可爱(我的妹妹不可能那么可爱),伏见司,1
48,我的狐仙女友,西野かつみ,1
49,我的世界守护者,谷川流,1
50,我们俩的田村同学,竹宫悠由子,1
51,我家有个狐仙大人,柴村仁,1
52,我们的蔬菜不够,浅沼广太,1
53,我的腐女友,ペんだふ,1
54,万岁系列,三浦勇雄,1
55,天使养成法则,浅沼广太,1
56,铁达尼亚,田中芳树,1
57,图书馆战争,有川浩,0
58,逃离学校!,谷川流,1
59,天空之钟 响彻惑星,渡濑草一郎,1
60,糖果子弹,樱庭一树,1
61,听到涛声(海潮之声),冰室冴子,1
62,圣魔之血,吉田直,1
63,十二国记,小野不由美,1
64,少年阴阳师,结城光流,1
65,神样家族,桑岛由一,1
66,死亡笔记外传,西尾维新,1
67,死神剧场版小说,松原真琴,1
68,三月，七日。,森桥宾果,1
69,水夏,杂贺匡,1
71,死后文,雨宫谅,1
72,死神的歌谣,长谷川启介,1
73,神灯女仆,夏绿,1
74,声音x魔法,白濑修,1
76,圣魔少女,林智明,1
77,ROOM NO.1301,新井辉,1
78,犬神,有泽真水,1
79,节哀唷二之宫同学(请别忧伤了二之宫君),铃木大辅,1
80,青叶君与宇宙人,松野秋鸣,1
81,琦莉,壁井有可子,1
82,七姬物语,高野和,1
83,秋吉同学帮帮忙！,不破悠,1
84,奇幻贵公子(恶灵猎人),小野不由美,1
85,AIR 青空,key,1
87,蔷薇的玛利亚,十文字青,1
88,轻小说的快乐写作法,本田透,1
89,扑杀天使朵库萝,おかゆまさき,1
90,乃木坂春香的秘密,五十岚雄策,1
91,世界系列,西尾维新,1
92,梅格与赛隆,时雨泽惠一,1
93,魔法使之夜,奈须蘑菇,1
94,魔法少女奈叶,都筑真纪,1
95,魔法学园MA,榊一郎,1
96,魔法人力派遣公司(出租魔法使),三田诚,1
97,MM一族,松野秋鸣,1
98,模造王女骚动记,榊一郎,1
99,秒速5厘米,合作,1
100,魔界战记迪斯凯亚,神代创,1
101,魔法战士李维,水野良,1
102,凉宫春日物语,谷川流,0
103,罗德斯岛战记,水野良,1
104,罗德斯岛传说,水野良,1
105,莉莉亚与特雷兹,时雨泽惠一,1
106,怜Ren,水口敬文,1
107,LOVE YOU 我的勇者公主,七月隆文,1
108,龙之界点,城崎火也,1
109,蓝兰岛漂流记,雾海正悟,1
110,恋上不死之男的少女,空野一树,1
111,小小破坏者 Little Busters! SSS,系井健一,1
112,空之境界,奈须蘑菇,1
113,狂乱家族日记,日日日,1
114,kanon 雪之少女官方小说,清水真理子,1
115,壳中少女,冲方丁,1
116,矿物质超女,冬树忍,1
117,狂恋声优宝贝,木本雅彦,1
118,骷髅恋人,平坂读,1
119,空罐少女,蓝上陆,1
120,肯普法,筑地俊彦,1
121,今天开始做魔王,乔林知,1
122,姬宫学姊的内在美,月见草平,1
123,绞缬城绮谭,田中芳树,1
124,惊爆草莓,公野樱子,1
125,家庭教师REBORN,子安秀明,1
126,角鸮与夜之王,红玉伊月,0
127,将花束献给月亮与你,志村一矢,1
129,吉永家的石像怪,田口仙年堂,1
130,君吻,日暮茶坊,1
131,9S,叶山透,0
132,甲贺忍法帖,山田风太郎,1
133,欢迎加入NHK！,泷本龙彦,1
134,红 Kure-nai,片山宪太郎,1
135,篁破幻草子,结城光流,1
136,红尘,田中芳树,1
138,海啸,田中芳树,1
141,BLACK BLOOD BROTHERS 黑血兄弟,字野耕平,1
142,高校女仆警察,泽上水也,1
143,高中女神,ひかわ玲子,1
144,GOSICK,樱庭一树,1
145,贵族侦探爱德华,椹野道流,1
146,歌月十夜,奈须蘑菇,1
147,钢壳都市雷吉欧斯,雨木秀介,1
149,钢铁白兔骑士团,舞阪洸,1
150,风之大陆,竹河圣,1
151,风之圣痕,山门敬弘,1
153,废弃公主,榊一郎,1
155,绯华Sparkling,藤原征失,1
156,福音少年,加地尚武,1
157,付丧堂古董店,御堂彰彦,1
158,扉之外,土桥真二郎,1
162,EX！,织田兄第,1
163,恶狼难驯,黑川实,1
164,恶魔召唤使 王权之剑,中里融司,1
165,恶魔同盟,うえお久光,1
166,恶女来敲门,织田兄第,1
167,打工魔法师,椎野美由贵,1
168,电击!!神盾5少女,谷川流,1
169,DDD,奈须蘑菇,1
170,第108年的初恋,末永外徒,1
171,DoubleDown 以小博大的勘缲郎,西尾维新,1
172,D.C.Ⅱ 初音岛II,杂贺匡,1
173,渎神之主,榊一郎,1
174,彩云国物语,雪乃纱衣,1
175,创龙传,田中芳树,1
176,虫与眼球,日日日,1
177,抽签勇者,清水文化,1
178,穿越时空的少女,筒井康隆,1
179,虫师,漆原友纪,1
180,传说中勇者的传说,镜贵也,1
181,超钢女雪拉,寺田とものり,1
182,铳姬,高殿円,1
183,CLANNAD官方外传小说,麻枝准,1
184,D.C.初音岛,杂贺匡,1
185,C3魔幻三次方(魔方少女),水濑叶月,1
186,超人家族一家和乐,桥本和也,1
188,赤色罗曼史,藤原佑,1
189,超妹大战,古桥秀之,1
190,爱的魔法,筑地俊彦,1
191,暗夜魔法使,菊池武,1
192,Bad！Daddy亲亲坏老爹,野村美月,1
194,半熟公主,榊一郎,1
197,我们的幸福时光,筑地俊彦,1
198,在世界中心呼唤爱,片山恭一,1
199,壮丽的黎明,庄司卓,1
200,战斗司书,山形石雄,1
201,战娘交响曲,筑地俊彦,1
202,拯救你的最初咒语,须堂项,1
203,战斗！暴风少女！,佐佐原始绪,1
204,增血鬼果林,甲斐透,1
205,樱色家族,杉井光,1
206,阴沉少女与黑魔法之恋,熊谷雅人,1
207,月阳炎,杂贺匡,1
208,幽灵恋人,平坂读,1
209,圆桌学生会,本田透,1
210,银环计划,田中芳树,1
212,亚普菲兰特,田中芳树,1
213,亚尔斯兰战记,田中芳树,1
215,影≒光 Shadow Light,影名浅海,1
216,银河英雄传说外传,田中芳树,1
217,银河铁道999,松本零士,1
218,BACCANO！大骚动(永生之酒),成田良悟,1
219,银河铁道之夜,宫泽贤治,1
220,星界系列,森冈浩之,1
221,SLAYERS！秀逗魔导士(魔剑美神),神坂一,1
222,吸血鬼猎人D,菊地秀行,1
223,xxxHOLiC,西尾维新,1
224,巷说百物语,京极夏彦,1
226,学园奇诺,时雨泽惠一,1
228,学院圣殿,早见裕司,1
230,羞羞三角,五十岚雄策,1
231,学姐与我,冲田雅,1
232,消极的快乐、电锯的边缘,泷本龙彦,1
233,虚界怪造学,日日日,1
234,夏日魔术,田中芳树,1
235,新本格魔法少女莉丝佳,西尾维新,1
236,星之梦,KEY,1
237,杀死龙的方法,津守时生,1
238,为婚纱衬上深红蔷薇,田中芳树,1
239,为夜空的双子座衬上深红蔷薇,冈崎裕信,1
240,舞姬恋风传,深山薰衣,1
241,王宫罗曼史革命,藤原真莉,1
242,维多利亚蔷薇色,青木祐子,1
243,魍魉之匣,京极夏彦,1
244,物质幽灵,葵关南,1
245,玩伴猫耳娘,神野奥那,1
247,桃源之药,山本瑶,1
248,特务魔法使,すえばしけん,1
249,THE THIRD,星野亮,1
250,特甲少女,冲方丁,1
251,魔学诡术士,久住四季,1
252,铁球公主艾蜜莉,八剃玉造,1
253,退魔少女队,すずきあきら,1
254,神之游戏,宫崎柊羽,1
255,圣母在上(玛莉亚的凝望),今野绪雪,1
257,尸鬼,小野不由美,1
258,SHI-NO 黑魂少女,上月雨音,1
259,手心里的太阳,岛津出水,1
260,三千世界鸦杀,津守时生,1
261,圣工的末裔,八原ゆう,1
262,沙耶之歌,虚渊玄,1
263,神秘少女羽音,织田兄第,1
264,Tales of the Abyss 深渊传奇 绯色的旋律(深渊传说),矢岛沙罗,1
265,死神与巧克力冰淇淋,花凰神也,1
266,SH@PPLE 双子丽人,竹冈叶月,1
267,水星领航员,藤咲あゆな,1
268,神秘博物馆,藤春都,1
269,SAS公主特勤组,鸟居羊,1
270,丧神之碑,津守时生,1
271,神曲奏界 红,榊一郎,1
272,神曲奏界 黑,大迫纯一,1
273,神曲奏界 白,高殿円,1
274,神曲奏界 蓝,筑地俊彦,1
275,神曲奏界 共鸣乐章,合作,1
276,人间系列,西尾维新,1
278,人类衰退之后,田中罗密欧,1
279,pulp,森桥宾果,1
281,尼罗河女儿,丁凡馨,1
282,南方之岛·梦境之中,秋山瑞人,1
284,鸟笼庄的房客今日也慵懒,壁井有可子,1
285,幽灵少女与科学少年,飞田甲,1
286,美丽人生,北川悦吏子,1
287,明天好天气,雨森麻杜,1
288,梦幻都市,田中芳树,1
289,魔女的红线,田口一,1
290,魔界转生,山田风太郎,1
291,某一天，炸弹从天而降,古桥秀之,1
292,MAMA,红玉伊月,0
293,七人武器店,大乐绚太,1
294,柳生忍法帖,山田风太郎,1
295,柳生忍法帖(第二部),山田风太郎,1
296,龙眠,宫部美雪,1
298,卡莲坂高中可爱广播社,铃本红,1
299,空想科学读本,柳田理科雄,1
300,灵感少女,松原真琴,1
301,简单易懂的现代魔法,樱坂洋,1
304,混沌军团,冲方丁,1
305,后院的神明,神野オキナ,1
306,DAS SCHWARZE HERZ 黑色心脏,桑原水菜,1
307,鬼哭街,虚渊玄,1
308,怪物猎人,ゆうきりん,1
309,骨王,野村佳,1
310,狗牙灭绝之刃(狗牙绝剑),舞阪洸,1
311,姑获鸟之夏,京极夏彦,1
312,银之镇魂歌,吉原理惠子,1
314,风之王国,毛利志生子,1
315,歌剧系列,栗原ちひろ,1
316,光明之风×光明之泪,加納新太,1
317,Fate Zero,虚渊玄,1
318,刀语,西尾维新,1
320,断头人中村奈奈子,日日日,1
321,吊线木偶症候群,乾久留美,1
322,大家的阿葵儿,浅沼广太,1
323,尘骸魔京,海法纪光,1
324,苍穹之战神,冲方丁,1
325,电波男,本田透,1
326,串刺少女,木村航,1
327,CUTTING伤痕,翅田大介,1
328,悲伤的奇美拉(悲伤奇美拉),来乐零,1
329,白貌传道师,虚渊玄,1
331,白夜的吊钟,田中芳树,1
332,贝维克传说,冰上慧一,1
333,Bird Heart Beat,伊东京一,1
334,女神侧身像(北欧女神),梅村崇,1
335,悖德之城,桑原水菜,1
336,阿妮丝与爱摆臭脸的魔法使,花房牧生,1
337,Angel voice,奈须蘑菇,1
338,神与人之歌,津守时生,1
339,伯爵大人的爱情生活,高月祭,1
340,复仇之虎,田中芳树,1
341,我是她的第九顺位,佐野しなの,1
342,黑妖精之吻,川人忠明,1
343,静流姐系列,上远野浩平,1
344,单恋的麒麟,志村一矢,1
345,盖棺论定,文冈あちら,1
346,卡莉,高殿円,1
347,Fate Strange Fake,成田良悟,1
349,BLACK SHEEP 圣夜迷途的黑羊,富永浩史,1
350,自卫队三部曲,有川浩,1
351,绯弹的亚莉亚(绯弹的亚里亚),赤松中学,0
352,夏希☆全力出击,树户英斗,1
353,叛逆的鲁路修(反叛的鲁路修),岩佐守,1
354,妹妹公主,公野樱子,1
356,Wizard＇s brain,三枝零一,1
358,青梅竹马,吉原理惠子,1
360,纯爱罗曼史,藤崎都,1
361,利亚兰的少年王与龙骑士,花衣沙久罗,1
362,宙士诺德(飞天诺德),赤松中学,1
363,白夜行,东野圭吾,1
365,空中骑士系列,森博嗣,1
366,德尔菲尼亚战记,茅田砂胡,1
367,我的爱马很凶恶,新井辉,1
368,Fate Stay Night,奈须蘑菇,1
369,淑女骑士团,千田诚行,1
370,流星慢舞,桥本纺,1
371,暮蝉悲鸣之时(寒蝉鸣泣之时),龙骑士07,1
372,海盗风云,松冈夏树,1
373,真·天地无用,梶岛正树,1
374,三坪房间的侵略者！？,健速,1
375,向日葵不开的夏天,道尾秀介,1
377,交响情人梦,高里椎奈,1
378,怪物猎人2G 疾风之翼,冰上慧一,1
379,女仆☆机关枪,将吉,1
380,海猫鸣泣之时,龙骑士07,1
381,加速世界,川原砾,1
382,斩鬼夜鸟子,树田省治,1
383,朱 Aka,清水真理子,1
384,.hack／／AI buster,滨崎达也,1
385,同居五重奏！,越后屋铁舟,1
386,大小姐X执事(管家后宫学园),上月司,1
387,放学后的征服世界,わかつきひかる,1
388,离别的钢琴奏鸣曲,杉井光,0
389,梦神的教室,三上延,1
390,流星之绊,东野圭吾,1
391,眼镜少女 HOLIC,上栖缀人,1
392,眼镜之心,ゆうきりん,1
393,破天神记,荻原规子,1
394,女帝·龙凰院麟音的初恋,风见周,1
396,战斗妖精雪风,神林长平,1
397,伤物语(物语系列二),西尾维新,1
398,银月之书,枯野瑛,1
399,电波女与青春男,入间人间,0
400,绫辻行人馆系列,绫辻行人,1
401,德鲁伊来啰!,志瑞佑,1
402,弹珠汽水,鸿野贵光,1
403,恋爱超能力(小齿轮),樋口司,1
404,机巧魔神,三云岳斗,1
405,沙漠国物语,仓吹智绘,1
406,神曲奏界 异色协奏,合作,1
407,掀起世界危机,佐藤了,1
408,纯爱咖啡厅,球江奈津子,1
409,舞-HiME,吉野弘幸,1
410,铁鼠之槛,京极夏彦,1
411,密斯玛路卡兴国物语,林智明,1
412,无头骑士异闻录DuRaRaRa!!,成田良悟,0
413,杀×爱,风见周,1
414,开朗的家族炮计划！,新木伸,1
415,变装魔界留学生(捏～捏～裘特!),野岛研二,1
416,佰物语,西尾维新,1
417,轻小说社,平坂读,1
418,我俩开始征服世界,冈崎登,1
420,幸运时刻!(幸运机会!),有泽真水,1
421,伪物语(物语系列三),西尾维新,1
422,夏目友人帐(妖怪连络簿),绿川幸,1
423,黑执事,不详,1
424,TOY JOY POP 狂热青春,浅井ラボ,1
425,恋爱制造机,本田透,1
426,闲狼作家是美少女妖怪,杉井光,1
427,手机听众,西尾维新,1
428,我甜蜜的苦涩系列,森田季节,1
429,侵略少女与谎言庭院,清水真理子,1
430,第十三种人格的恐怖,贵志袏介,1
432,圣兽王的新娘,高远砂夜,1
433,Campione!(弑神者!),丈月城,1
434,侍卫,舞阪洸,1
435,辉夜魔王式!,月见草平,1
437,青之轨迹,久能千明,1
438,疾走!青春期的帕拉贝伦,深见真,1
439,东京吸血鬼金融,真藤顺丈,1
440,萝球社！,苍山サグ,1
441,临界杀机(境界人),神崎紫电,1
443,黑猫 BLACK CAT,大崎知仁,1
444,幸运星官方小说,竹井10日,0
445,千剑飞舞的天空,冈本タクヤ,1
446,IS(Infinite Stratos),弓弦逸鹤,1
447,爱说谎的精灵妹妹,清水真理子,1
448,Vamp！,成田良悟,1
449,脑髓地狱,梦野久作,1
450,雪螳螂,红玉伊月,0
451,水乳交揉！(触摸魔女),镜裕之,1
452,菖蒲的少女革命！,志茂文彦,1
453,企鹅之夏,六塚光,1
455,百花缭乱,すずきぁきら,1
456,恋空,美嘉,1
457,月兔的银色方舟,鸭志田一,1
458,钢之炼金术师,井上真,1
459,森博嗣S＆M系列(全部成为F),森博嗣,1
460,幻灵镇魂曲(幻灵地狱 PHANTOM OF INFERNO),虚渊玄,1
461,热情X冷颤(制服X短裤),本田透,1
462,我的女神 初终,冬马由美,1
463,吸血歼鬼,虚渊玄,1
464,学园歌剧,山川进,1
465,只有神知道的世界,有泽真水,1
466,白山同学与黑色手提袋,铃木铃,1
467,我的朋友很少,平坂读,1
468,好想做个女孩子,三叶,1
469,欢迎来到血吸村,阿智太郎,1
470,女王之刃,冲田荣次,1
471,刀剑神域(SAO／ALO／GGO／UW),川原砾,0
472,看着月亮说着谎话,日日日,1
473,AURA 魔龙院光牙最后的战斗,田中罗密欧,1
474,Narcissus 水仙花,片冈智晴,1
475,幽灵勇者,神代创,1
476,旋风管家,筑地俊彦,1
477,加奈～妹妹～,大仓邦彦,1
478,428被封锁的涩谷,北岛行德,1
479,怪物猎人2G 灵魂继承者,冰上慧一,1
480,基因之种,高平鸣海,1
481,魔界新娘！,阿智太郎,1
482,Tales of Symphonia 交响曲传奇 拉塔特斯克的骑士(仙乐传说),矢岛沙罗,1
483,The Idol M@ster(偶像大师),斎藤ゆうすけ,1
484,R.O.D(读或死),仓田英之,1
485,渚的最强音(渚的极强音),城崎火也,1
486,最后的彼得潘,日日日,1
487,人体战舰,大迫纯一,1
488,献给某飞行员的恋歌,犬村小六,1
489,七色的铃铛,红玉伊月,1
490,莱茵河的囚徒,田中芳树,1
491,神曲奏界 金,大迫纯一,1
492,佐藤家的选择,贝花大介,1
493,Tales of Destiny 命运传奇 苍黑的思念(宿命传说),矢岛沙罗,1
494,绯色的碎片,水泽なな,1
495,创立！？三星学生会,佐佐原史绪,1
496,征服世界是可能的吗？,冈田斗司夫,1
497,欢迎光临美少女游戏世界,田尾典丈,1
498,魔女宅急便,角野荣子,1
499,香草追击 A sweet partner,朝浦,1
500,神父与恶魔,志麻友纪,1
501,替身伯爵系列,清家未森,0
502,幻兽少年,梦枕貘,1
503,RIGHT×LIGHT,司,1
504,九之契约书,二阶堂纮嗣,1
505,Tales of Phantasia 幻想传奇 悠久的时空(幻想传说),矢岛沙罗,1
506,本格推理委员会,日向正道,1
507,Tales of Destiny 命运传奇 命运传承者(宿命传说),矢岛沙罗,1
508,此处前方是荒野,水无神知宏,1
509,东方梦月抄,ZUN,1
510,卒业,渡边麻实,1
511,狂骨之梦,京极夏彦,1
512,公主心,高殿円,1
513,龙背上的骑兵,映岛巡,1
514,剑之女王与烙印之子,杉井光,1
515,迷途猫(娇蛮猫娘大横行!),松智洋,1
516,幸运星 悠闲的日子,待田堂子,0
517,邪马台国战记 圣战少女：遥,树田省治,1
518,现视研 拝入兰人的野心,饭田和敏,1
519,向阳素描 欢迎来到向阳庄,日暮茶坊,1
521,校园迷糊大王,ときたひろこ,1
522,痕~舍异传,西山英志,1
523,名侦探柯南 小提琴之谜,青山刚昌,1
524,少年天草的秀逗咒语,牧野修,1
525,真·恋姬无双 少女缭乱 三国志演义,小林正亲,1
526,一个人的好天气,青山七惠,1
527,魔王,伊坂幸太郎,1
529,斩魔大圣,凉风凉,1
530,名侦探柯南,平良窿久,1
531,苍穹女武神(苍穹的驱真),橘公司,1
532,两个爱丽丝与不可思议的少女们,冈崎いずみ,1
533,东宫家的石像怪,田口仙年堂,1
534,狂野历险 the 4th Detonator,细江ひろみ,1
535,狂野历险 ADVANCED 3rd,细江ひろみ,1
536,狂野历险 Alter code:F,细江ひろみ,1
537,狂野历险 the Vth Vanguard,细江ひろみ,1
538,生化危机 空白玫瑰,爱泽匡,1
539,JOJO的奇妙冒险,乙一,1
540,秋之回忆2,KID,1
541,秋之回忆 从今以后,KID,1
542,萌单,桑岛由一,1
543,传颂之物,Flight-Plan,1
546,圣斗士官方小说,浜崎达也,1
547,乙一作品集,乙一,1
548,灼热的龙骑兵,田中芳树,1
549,.hack／／CELL,凉风凉,1
550,.hack／／G.U.,滨崎达也,1
551,.hack／／ANOTHER BIRTH,川崎美羽,1
552,地狱少女,天羽沙夜,1
553,克蕾利亚传说,山本一郎,1
554,天元突破 红莲之眼,砂山藏澄,1
555,罗密欧的灾难,来乐零,1
556,恋姬无双外传 紫电一闪!!华蝶假面,御门智,1
557,重回那天,健速,1
558,黏黏妖美少女,木村航,1
559,秋之回忆 从今以后Again,KID,1
560,护花之龙的叙情诗,淡路帆希,1
561,你是主我是仆,布施はるか,1
562,翼年代记,桃生圣史,1
563,死神候补生,小林正亲,1
564,初恋限定,平林佐和子,1
565,大剑Claymore,桃生圣史,1
566,翼神世音,大野木宽,1
567,这样算是僵尸吗(这个是僵尸吗),木村心一,0
568,EME Black,泷川武司,1
569,EME BLUE,泷川武司,1
570,EME RED,泷川武司,1
571,To Love 出包王女,若月光,1
572,秋叶原@DEEP,石田衣良,1
573,失落的碎片,星家なこ,1
574,池袋西口公园,石田衣良,1
575,死亡倒数游戏～他能在当天免于一死吗～,小木君人,1
576,HP 公主天国,风见周,1
577,强袭魔女,山口升,1
578,复活之地,小川一水,1
579,攻壳机动队 宇宙生化人,远藤明范,1
580,英国恋爱物语·艾玛,久美沙织,1
581,苍海的少女们,白鸟士郎,1
582,杀戮轮回 ALL YOU NEED IS KILL,樱坂洋,1
583,菩提树庄的暗狩姬,凉元悠一,1
584,吸血鬼骑士官方小说,藤咲あゆな,1
585,星之声,合作,1
586,魔像怪×少女,大凹友数,1
587,无尽黑夜与永眠梦境,西尾维新,1
588,优质美少女,樋口橘,1
589,亚雷克森传奇,五代ゆう,1
590,格兰蒂亚,细江ひろみ,1
591,波罗的海复仇记,田中芳树,1
592,封闭的世界,谷川流,1
593,白人萠乃与世界危机,七月隆文,1
594,风水学园,夏绿,1
595,叛红猎杀,在原竹广,1
596,绅士游戏,赤城毅,1
597,战争时代·下课后防卫队,柿沼秀树,1
598,在暗夜中寻找羔羊,穗史贺雅也,1
599,英国奇异谭,篠原美季,1
600,樱乃绮罗帆系列,月见草平,1
601,勇者物语,宫部美雪,1
602,女仆刑事,早见裕司,1
603,寄生前夜,濑名秀明,1
604,光之战士,卫藤乱星,1
605,海贼王剧场小说,滨崎达也,1
606,拔刀狂想曲,宫泽周,1
607,月之少女,渡边まさき,1
608,战姬,夏绿,1
609,隔邻的魔法师,筱崎砂美,1
610,快打城市slum online,樱坂洋,1
611,NANA,矢泽爱,1
612,便当(半价便当争夺战),朝浦,1
613,幻影父亲,深泽美潮,1
614,除爆之刃,照下土龙,1
615,潜水艇,水城正太郎,1
616,梦幻不思议卷轴·七宝绮谭,津守时生,1
617,超时空要塞 边界,小太刀右京,1
618,蒸汽男孩,村井さだゆき,1
619,秋叶少年,将吉,1
620,郭德堡变奏曲,五代ゆぅ,1
621,Type Moon DRAMA CD,奈须蘑菇,1
622,尸人狩猎者,葛西伸哉,1
623,汪汪地狱犬,芜木统文,1
625,寂静岭官方小说,山下定,1
626,欢迎光临日本上空,佐佐原史绪,1
627,虎跃龙笑,嬉野秋彦,1
628,烟囟町的赤魔与绝望少年,ゆうきりん,1
629,魔壶妖精,鲷津裕太,1
630,至死方休的纠缠,前田荣,1
631,伊佐与雪,友谷苍,1
632,交响乐之雨 妖精之书,西川真音,1
633,最终幻想XIII官方前传小说,映岛巡,1
634,战国BASARA2,安曾了,1
635,D.C.F.S.初音岛四季的回忆,佐佐宫ちるだ,1
636,火影忍者官方小说,日下部匡俊,1
637,樱兰高中男公关部,土井佐智子,1
638,CLANNAD Q版小说,合作,1
639,猎捕史奈克,宫部美雪,1
640,赤朽叶家的传说,樱庭一树,1
641,荒野,樱庭一树,1
642,深宫幽情,冰室冴子,1
643,PiPit!!天线少女,和智正喜,1
644,Gift 永恒的彩虹,驹尾真子,1
645,烙印纹章,杉原智则,1
647,圣诞节的恐怖分子,佐藤友哉,1
648,造梦同人志 他的爱情、她的欲望,坂东真红郎,1
650,青之炎,贵志佑介,1
651,棋魂,堀田由美,1
652,晴空之下，突然……,田中芳树,1
653,世纪末冒险,高圆寺葵子,1
654,铁刃沙斩,大迫纯一,1
655,simoun 祈舞,冈崎纯子,1
656,白银的卡露,竹内なおゆき,1
657,舞-HiME★DESTINY 龙之巫女,伊吹秀明,1
658,我们在虚空中巡视夜晚,上远野浩平,1
659,异次元流浪者,眉村卓,1
660,我们在虚梦中倾听月色,上远野浩平,1
661,少女大神!,比嘉智康,1
662,炼狱神盾,贵子润一郎,1
663,最终幻想VII,野岛一成,1
664,黑执事官方小说,枢梁,1
665,8.1 云霄飞车,山田悠介,1
666,萤火虫之墓,野坂昭如,1
667,野花——在那花不开的世界,驹尾真子,1
668,深红色的迷宫,贵志佑介,1
669,波上的魔术师,石田衣良,1
670,圣战的雷吉欧斯,雨木秀介,1
671,雷吉欧斯传说,雨木秀介,1
672,驱魔少年,城崎火也,1
673,女神侧身像2 希尔梅丽娅(北欧女神2),梅村崇,1
674,CLANNAD SSS,歌鸟,1
675,CLANNAD After Story,key,1
676,CLANNAD,Key,1
677,神明大人会把笑心○○○？,荒川工,1
678,起死回生的女孩,筱原千绘,1
679,绝望的世界,宫谷俊二,1
680,绝境行星,柿沼秀树,1
681,超级机器人大战OG,TRISTAR株式会社,1
682,黑姬柚叶,田口一,1
683,Tales of Vesperia 宵星传奇(薄暮传说),矢岛沙罗,1
684,金田一少年事件簿,天树征丸,1
685,PSYCHE,唐边叶介,1
686,Sweet☆Line-甜蜜☆阵线,有泽真水,1
687,小春原日和的育成日记,五十岚雄策,1
688,世界的中心、针山先生,成田良悟,1
689,新罗德斯岛战记,水野良,1
690,机巧少女不会受伤,海冬零儿,0
691,某科学的超电磁炮,镰池和马,1
692,织田信奈的野望,春日御影,1
693,Fortune Arterial(命运脉动),冈田留奈,1
694,火车,宫部美雪,1
695,拉琪雅,周防司,1
696,好想告诉你,下川香苗,1
697,翼之归处,妹尾由布子,1
698,SUGAR DARK 被埋葬的黑暗与少女,新井円侍,0
699,越佐大桥,成田良悟,1
701,日本沉没,小松左京,1
702,奴隶市场,菅沼恭司,1
703,魔神的游戏,岛田庄司,1
704,神曲奏界 红S,榊一郎,1
706,迷茫管家与胆怯的我(迷茫管家与懦弱的我),朝野始,0
707,天川天音的否定公式,叶村哲,1
708,茸姬,入间人间,1
709,影执事马克(影管家马尔科),手岛史词,1
710,小学星公主,饼月望,1
711,华鬼,梨沙,1
712,罪人与龙共舞,浅井ラボ,1
713,我心之剑,十文字青,1
715,自转地球仪世界,田中芳树,1
716,平行恋人,静月远火,0
717,永远的艾塞莉娅,三田村半月,1
718,机动战士高达 闪光的哈萨维,富野由悠季,1
719,高达前哨战,高桥昌也,1
720,猫娘姐妹,伏见司,1
721,魔碟军团,广冈未森,1
722,青花传说,八原ゆうき,1
723,反抗者的系谱,三浦良,1
724,东京少年,渡边睦月,1
725,模仿犯,宫部美雪,1
726,光之圣少女,光之圣少女制作委员会,1
727,占星术杀人魔法,岛田庄司,1
728,马法尔年代记,田中芳树,1
729,继父,宫部美雪,1
730,EVER17 时空轮回,KID,1
731,天是红河岸,筱原千绘,1
732,死魂曲,sony,1
733,阴月的箭蔟,时海结以,1
735,机动战士高达-第08MS小队,大河内一楼,1
736,恐怖分子的阳伞,藤原伊织,1
737,旺达与巨像,上田文人,1
738,魔法律事务所,天羽沙夜,1
739,妖藩记鬼剑众,菊地秀行,1
740,少女星泉奇遇,赤川次郎,1
741,电车男,中野独人,1
742,装甲核心,神野淳一,1
743,Never7(第七夜～无限轮回的终结～),KID,1
744,火焰之纹章,Intelligent Systems,1
745,一切终将远去,山本文绪,1
746,机器妹 重申 人类皆兄妹！,佐藤ケイ,1
747,利比斯的翅膀,円山梦久,1
748,毕业前杀人游戏,东野圭吾,1
749,名侦探的规条(名侦探的守则),东野圭吾,1
750,14个月,市川拓司,1
751,关于莉莉周的一切,岩井俊二,1
752,交响乐之雨,西川真音,1
753,亲爱芳邻 苿莉惠篇(家有色邻),金卷朋子,1
754,女神异闻录3,藤原健市,1
755,女神异闻录2 罚,ATLUS,1
756,藤宫十贵子系列,铃木大辅,1
757,旅人系列,上桥菜穗子,1
758,失落的奥德赛 千年之梦,重松清,1
759,嫌疑犯X的献身,东野圭吾,1
760,机动战士高达外传 战栗之蓝,皆川由佳,1
761,CROSS CHANNEL,伊藤ィツキ,1
762,红牙的露比沃芙,淡路帆希,1
763,空想非科学读本,柳田理科雄,1
764,天魔黑兔(曾几何时天魔的黑兔),镜贵也,0
765,黑屋吊影,贵志佑介,1
766,AS～天使小夜曲,日本工画堂工作室,1
767,斜屋犯罪,岛田庄司,1
768,X的魔王,伊都工平,1
769,秋之回忆,KID,1
770,秋之回忆5,日暮茶坊,1
771,少女爱上姐姐,キャラメルBOX,1
772,明日的雪之丞,エルフ,1
773,宫本武藏,吉川英治,1
774,美人,木原音濑,1
775,邪道,川原翼,1
776,女神侧身像3,梅村崇,1
777,光速蒙面侠(冲锋21),合作,1
778,在SouthBerry树下,原田宇陀儿,1
779,机动战士高达ZZ,远藤明吾,1
780,机动战士高达0079,富野由悠季,1
781,机动战士高达W 无尽的华尔兹,隅泽克之,1
782,机动战士高达W 左手持镰，右手拥你,皆川由佳,1
783,机动战士高达W,神代创,1
784,机动战士高达 逆袭的夏亚,富野由悠季,1
785,魔法米克斯,榊一郎,1
786,完美小姐进化论,中村美音,1
787,4TEEN(十四岁),石田衣良,1
788,异度传说,NAMCO,1
789,野猪大改造,白岩玄,1
790,无人岛物语,铃木俊介,1
791,华莱士人鱼,岩井俊二,1
792,人间之剑,森村诚一,1
793,前线任务4,秋津透,1
794,黑与蓝,中冈润一郎,1
797,世界在你不知道的地方运转,片山恭一,1
798,在遥远彼方的小千,日日日,1
799,倘若我在彼岸,片山恭一,1
800,我的男人,樱庭一树,1
801,守护者系列,上桥菜穗子,1
802,断章格林童话,甲田学人,1
803,他人事,平山梦明,1
804,最后开的花,片山恭一,1
805,完美无缺的名侦探,西泽保彦,1
806,红线 绊之记忆,远谷凑,1
807,Summer Days(日在夏天),冈田留奈,1
808,满月之夜白鲸现,片山恭一,1
809,新古灵精怪(新橙路),寺田宪史,1
810,零之使魔外传系列,山口升,1
812,圆环少女circlet girl,长谷敏司,1
813,匣中的失乐,竹本健治,1
814,不适合少女的职业,樱庭一树,1
815,120元系列,片冈智晴,1
816,献给虚无的供物,中井英夫,1
817,幻想传说 沉寂的历史,祭纪りゅーじ,1
818,黑死馆杀人事件,小栗虫太郎,1
819,丹特丽安的书架,三云岳斗,1
820,樱花大战3前传 巴黎前夜,あかほりさとる,1
821,心灵侦探八云,神永学,1
822,少女爱上姐姐 樱花之庭院的星星,嵩夜あや,1
824,侦探神话系列,清凉院流水,1
825,恐怖宠物店,秋乃茉莉,1
826,To Heart 2,LEAF,1
827,COP CRAFT(全缉毒狂潮),贺东招二,1
828,七都市物语,田中芳树,1
829,我的紫苑,本田透,1
830,火目的巫女,杉井光,1
831,重装武器,镰池和马,0
832,Tears to Tiara(提亚拉之泪),LEAF,1
833,机动战士高达0080 口袋中的战争,结城恭介,1
834,机动战士高达0083,山口宏,1
835,机动战士高达Z,富野由悠季,1
836,人间失格,太宰治,1
837,Tales of Destiny 命运传奇2 苍黑的追忆(宿命传说2),矢岛沙罗,1
838,遥远时空3,KOEI,1
839,机动战士高达 UNICORN 0096,福井晴敏,1
840,SHUFFLE!官方小说,小形圣史,1
841,SHUFFLE!,Navel,1
842,袭来!美少女邪神(潜行吧!奈亚子),逢空万太,1
843,魔女学生会长,日日日,1
844,伤与不伤 HURTLESS HURTFUL,清水真理子,1
845,MUV-LUV,北侧寒围,1
846,络新妇之理,京极夏彦,1
847,叛逆的鲁路修外传,朝香祥,1
848,暗黑童话,乙一,1
849,Tales of Rebirth 重生传奇(重生传说),矢岛沙罗,1
850,战国婆娑罗,司马辽太郎,1
851,情归故里,Alco Entertainment,1
852,银飘扬,有泽真水,1
853,KILLER QUEEN(杀手女王),FLAT,1
854,夏日大作战,岩井恭平,0
855,不吉波普系列,上远野浩平,1
856,重力小丑,伊坂幸太郎,1
857,书姬吟游录,多崎礼,1
858,新娘恋曲,小田菜摘,1
859,最游记官方小说,みさぎ圣,1
860,鹫见原莺的论证,久住四季,1
861,空之轨迹剧情小说,FALCOM,1
862,GTO麻辣教师,相泽春吉、藤泽亨,1
863,网球王子,影山由美,1
864,机动战士高达00,木村畅,1
865,机动战士高达00P,千叶智宏,1
866,本格萌童话,本田透,1
867,犬夜叉官方小说,金春智子,1
868,机动战士高达SEED,后藤柳,1
869,机动战士高达SEED DESTINY,后藤柳,1
870,机动战士高达SEED ASTRAY,千叶智宏,1
871,恋爱少女与守护之盾,和泉伏也,1
872,阴阳师,梦枕貘,1
873,怪物猎人3 闪光的猎人,冰上慧一,1
874,Angel Beats! -Track Zero-,麻枝准,1
875,释迦牟尼也凝望,今野绪雪,1
876,江神二郎系列(学生有栖系列),有栖川有栖,1
877,数学少女,结城浩,1
878,兽之奏者,上桥菜穗子,1
879,虚空之盒与零之麻理亚(空虚之箱与零之玛丽亚),御影瑛路,0
880,九罚的恶魔召唤术,折口良乃,1
881,不纯异性交游学园!,海堂崇,1
882,双重血统,中村惠里加,1
884,要听爸爸的话!,松智洋,1
885,掌心迷路,石田衣良,1
886,小市民系列,米泽穗信,1
887,涂佛之宴,京极夏彦,1
888,圣剑锻造师,三浦勇雄,0
889,四叠半神话大系(四叠半宿舍，青春迷走),森见登美彦,1
890,“杀人城”系列,北山猛邦,1
891,真庭语,西尾维新,1
892,第13号的爱丽丝,伏见司,1
893,摩天楼的怪人,岛田庄司,1
894,紫色的Qualia,うえお久光,1
895,妹妹X杀手X宅配便(全家！),九边健二,1
896,大神系列(大神与七位伙伴),冲田雅,1
897,寻狗事务所,米泽穗信,1
898,原点回归walkers,森田季节,1
899,残酷的处刑史,桐生操,1
900,大传说中勇者的传说,镜贵也,1
901,猫物语(物语系列四),西尾维新,1
902,东京八卦新闻,水城正太郎,1
903,精灵招术师,弐宫环,1
904,Tales of Vesperia 宵星传奇 金色的满月(薄暮传说),矢岛沙罗,1
905,夜想谭教诲师,海冬零儿,1
906,夏海纱音与不可思议的世界,直江ヒロト,1
907,你们与虚人在星上共舞,上远野浩平,1
908,幕末魔法士-Mage Revolution-,田名部宗司,1
909,千嫁喵物语,マサト真希,1
910,阿宅，你已经死了！,冈田斗司夫,1
911,圣兽,有栖川ケイ,1
912,东京暗鸦(东京乌鸦),字野耕平,0
913,龙之默示录,篠田真由美,1
914,GIVE UP!(giveUP!),上栖缀人,1
915,发明工坊 星降日记,霧海正悟,1
916,school days 与你同在的青空下,马场卓也,1
917,三个欧吉桑(三大叔),有川浩,1
918,邪神大沼,川岸殴鱼,1
919,温柔的12人杀人屋－ZODIAC STORIES－,12x男,1
920,极道彼女!,三原みつき,1
921,匠千晓系列,西泽保彦,1
922,御火槌,榊一郎,1
923,告白,凑佳苗,1
924,算计,米泽穗信,1
925,Ai 死魂之枪,夜木まゆ,1
926,恶之娘,恶之P（mothy）,1
927,Re:笨蛋也能拯救世界吗？,柳实冬贵,1
928,放学后的悠闲时光,比嘉智康,1
929,心生研究社,大泉りか,1
930,青春纪行(金色年华),竹宫悠由子,0
931,樱花庄的宠物女孩,鸭志田一,0
932,Rapunzel之翼,土桥真二郎,1
933,春宵苦短，少女前进吧！,森见登美彦,1
934,放课后的百物语,峰守ひろかず,1
935,东方香霖堂~curiosties of lotus asia~,zun,1
936,6TEEN(十六岁),石田衣良,1
937,黑暗之神,小野不由美,1
938,驭时少女Rinne,清野静,1
939,羽月莉音的帝国,至道流星,1
940,剑道杀人事件,鸟羽亮,1
941,失礼了！我是垃圾桶妖怪,岩波零,1
942,“写给尊敬的姐姐”系列,川口大介,1
943,其中一个是妹妹!(三人行必有我妹),田口一,1
944,利维坦的恋人,犬村小六,1
945,变态王子与不笑猫,相乐总,0
946,Happy☆Lesson The TV(欢乐课程),吉冈たかを,1
947,有川夕菜的抵抗值,时田唯,1
948,变装大作战,将吉,1
949,魔法禁书目录外传 神裂篇,镰池和马,1
950,煌夜祭,多崎礼,1
951,冰结镜界的伊甸,细音启,1
952,拜托了，莉莉丝,麻宫枫,1
953,鸭川小鬼,万成目学,1
954,无赖勇者的鬼畜美学,上栖缀人,1
955,狐仙大人系列,片山和华,1
956,超自然异象研究社,耳目口司,1
957,黑祠之岛,小野不由美,1
958,遥远时空,桥立鲇美,1
959,魔龙妹与秃头兄,谷口俊介,1
960,樱兰高校男公关部,叶鸟螺子,1
961,死神少女·镜,魁,1
962,CLANNAD ~MAGIC HOUR~ 魔法时间,糸井健一,1
963,薄樱鬼 新选组奇谭,IDEA FACTORY,1
964,不迷途的羔羊,玩具堂,1
965,M之奇谈,三上康明,1
966,15X24,新城十马,1
967,炼狱姬,藤原佑,1
968,倾物语(物语系列五),西尾维新,1
969,梦侦探(红辣椒),筒井康隆,1
970,死图眼的伊妲卡,杉井光,1
971,东京皇帝☆北条恋歌,竹井10日,1
972,如果杜拉(假如高中棒球部的女经理读了德鲁克的《管理学》),岩崎夏海,1
973,就算是哥哥有爱就没问题了对吧,铃木大辅,1
974,妖怪公寓,香月日轮,1
975,傲蕉魔法使,谷口シュンスケ,1
976,12DEMONS,御堂彰彦,1
977,ToHeart2,村田治,1
978,棺姬嘉依卡(棺姬柴卡),榊一郎,0
979,未完成的情书,山口升,1
980,B-EDGE AGE 狮子们在爱丽丝的庭院里,樱庭一树,1
981,娑婆气系列,畠中惠,1
982,太阳之塔,森见登美彦,1
983,好想被你喜欢，大泽同学,桑岛由一,1
984,决战学生会！,番棚葵,1
985,逆理的魔女,雪野静,1
986,守护天使,石田衣良,1
987,额头轻触,野岛研二,1
988,我与一乃的游戏同好会活动日志,叶村哲,1
989,彩虹村的秘密,有栖川有栖,1
990,第101篇百物语,サイトウケンジ,1
991,不眠的珍珠,石田衣良,1
992,绯色魔法使,茅田砂胡,1
993,Flyable heart 恋色甜点,冈崎いずみ,1
994,天使小夜曲,小林且典,1
995,深山家的蓓儿汀(深山家的贝尔汀),逢空万太,1
996,未来都市NO.6,浅野敦子,1
997,玛莉亚狂热,合作,1
998,剑精试炼,大乐绚太,1
999,战斗城塞马斯拉沃,林志明,1
1000,黑之夜魔(黑之STRIKA),十文字青,1
1001,GANTZ杀戮都市Minus,日下部匡俊,1
1002,狐笛的彼方,上桥菜穗子,1
1003,虎鲸格拉,中村惠里加,1
1004,东京异闻,小野不由美,1
1005,星刻龙骑士,瑞智士记,1
1006,人气妹妹与受难的我(女生人气妹和受难的我),夏绿,1
1007,少女，兵器，潘朵拉,西野胜海,1
1008,铃木同学，我爱你,时海结以,1
1009,海猫鸣泣之时(文),龙骑士07,1
1010,花物语(物语系列六),西尾维新,1
1011,精灵使的剑舞,志瑞佑,1
1012,前略。我与猫和天使同居,绯月剃,1
1013,黑耀公主,萩原麻里,1
1014,欢乐黎明使者团！,树川智美,1
1015,薄樱鬼,矢岛沙罗,1
1016,奋斗吧！系统工程师,夏海公司,0
1017,BLACK BIRD 黑鸟恋人,时海结以,1
1018,幻色江户历,宫部美雪,1
1019,乱☆恋 我有16个未婚妻！？,舞阪洸,1
1020,384403km 绑架你到月球,向坂冰绪,1
1021,侦探歌剧MilkyHomes～overture～,子安秀明,1
1022,Tales of Eternia 永恒传奇 永远的阶梯(永恒传说),矢岛沙罗,1
1023,降临于我与她之夜,八街步,1
1024,魔弹之王与战姬,川口士,1
1025,境界线上的地平线,川上稔,1
1026,主人和女仆大人,榎木津无代,1
1027,机动战士高达0079外传 殖民卫星坠落之地…,林让治,1
1028,花X华,岩田洋季,1
1029,有顶天家族,森见登美彦,1
1030,指引之星,小川一水,1
1031,蔚蓝的萨利菲拉,天堂里砂,1
1032,魔术士奥芬的无赖之旅(魔术士欧菲流浪之旅),秋田祯信,1
1033,神不在的星期天,入江君人,0
1034,恶魔高校DxD(High School DxD),石踏一荣,1
1035,突然成为骑士,糸绪思惟,1
1036,月光,间宫夏生,1
1037,LOVE啾～！,风见周,1
1038,开膛手杰克的百年孤寂,岛田庄司,1
1039,假面骑士Faiz 异形之花(假面骑士系列四),井上敏树,1
1040,约定之柱，落日的女王,いわなぎ一叶,1
1041,兔子强尼,东山彰良,1
1042,断罪的EXCEED,海空陆,1
1043,多摩湖与黄鸡,入间人间,1
1044,金之瞳与铁之剑,虚渊玄,1
1045,爱玩王子,片濑由良,1
1046,RPG WORLD-RPG·世界-,吉村夜,1
1047,镜家事件系列,佐藤友哉,1
1048,R15(R-15),伏见广雪,1
1049,这间教室被不回家社占领了,冈崎登,1
1050,侦探·花咲太郎,入间人间,1
1051,花宵罗曼史,加藤千惠美,1
1052,祝福的钟声,Oasis,1
1053,孤立者,入间人间,1
1054,六百六十元的实情,入间人间,1
1055,桐野无软妹,川口士,1
1056,甜蜜全接触！,明日香正太,1
1057,天神乱漫~仲夏夜的梦餍~,糸井健一,1
1058,Dragon Blood,伊上円,1
1059,美梦俱乐部,万叶悠斗,1
1060,囮物语(物语系列七),西尾维新,1
1061,最终幻想XIV官方小说,长谷川雅,1
1062,东方妖游记,村田栞,0
1063,火之国、风之国物语,师走透,1
1064,HxH！泡澡澡是异文化的交流,神尾丈治,1
1065,闪灵特攻队,青树佑夜,1
1066,Tales of Symphonia 交响曲传奇 久远的光辉(仙乐传说),矢岛沙罗,1
1067,紫苑的血族,杉井光,1
1068,植物图鉴,有川浩,0
1069,打工吧！魔王大人(拼死工作吧！魔王陛下),和原聪司,0
1070,我的妹妹会读汉字,梶井贵志,1
1071,噬神战士 违背禁忌之人(噬神者),ゆうき りん,1
1072,夜明前的琉璃色Moonlight Cradle,佐々宫ちるだ,1
1073,我女友与青梅竹马的惨烈修罗场,裕时悠示,1
1074,爸爸十五岁,冈崎裕信,1
1075,魔术的耳语,宫部美雪,1
1076,雷轰,押井守,1
1077,魔王勇者,橙乃麻麻理,0
1078,轮环的魔导师,渡濑草一郎,1
1079,月之珊瑚,奈须蘑菇,1
1080,月见月理解的侦探杀人,明月千里,1
1081,百亿魔女物语,竹冈叶月,1
1082,赎罪,凑佳苗,1
1083,Another MONSTER,浦泽直树,1
1084,空色感染爆发,本田诚,1
1085,推理要在晚餐后,东川笃哉,1
1086,赤裸裸之战,花谷敏嗣,1
1087,我的她是战争妖精,嬉野秋彦,1
1088,风水天戏,望月もらん,1
1089,Ever17－时空轮回官方小说－,日暮茶坊,1
1090,钢音之剑,无嵨树了,1
1091,强袭魔女 乙女之章,南房秀久,1
1092,断罪衣,三田诚,1
1093,恋文的技术,森见登美彦,1
1094,GENEZ,深见真,1
1095,魔界都市,菊地秀行,1
1096,月神来我家！,后藤佑迅,1
1097,心之国的爱丽丝,小牧桃子,1
1098,光在地球之时……(光还在地球的时候……),野村美月,0
1099,幸运女仆天君,若月光,1
1100,小魔女与飞天狐,南井大介,1
1101,少女不十分,西尾维新,1
1102,DUEL LOVE -恋爱少年是胜利王子-,水泽なな,1
1103,LOVELESS 无爱之战,夏居あや,1
1104,雨天的艾莉丝,松山刚,1
1105,美少女死神还我H之魂!,橘ぱん,1
1106,偶像总爱被吐嘈！(她喜欢被吐槽),斎藤雅人,1
1107,黑色子弹(漆黑的子弹),神崎紫电,0
1108,隙间的世界,宫谷俊二,1
1109,未闻花名(我们仍未知道那天所看见的花的名字),冈田麿里,1
1110,白梦,濑尾司,1
1111,你的侍奉只有这种程度吗?,森田季节,1
1112,认真和我谈恋爱！！,野山风一郎,1
1113,鬼物语(物语系列八),西尾维新,1
1114,变态怪医Dr.伊良部,奥田英朗,1
1115,魔法少女小圆,一肇,1
1116,神曲奏界 银,字野耕平,1
1118,尼特族吸血鬼·江藤(NEET吸血鬼，江藤小姐),铃木大辅,1
1119,明日华—麻将饿狼传—,吉村夜,1
1120,怪盗RED,秋木真,1
1121,变态学姐和我和她,山田有,1
1122,阪急电车,有川浩,1
1123,魔女的约定,梨木香步,1
1124,有看到我家的魔女吗？,山川进,1
1125,舞星洒落的雷涅席库尔(起舞的降星雷涅西库尔),裕时悠示,1
1126,护树骑士团传奇,水月郁见,1
1127,无尽之夏 永恒音律,砂浦俊一,1
1128,红之三位一体,椎名莲月,1
1129,雷恩(雨战士),吉野匠,1
1130,奇异领域的奇异点,范乃秋晴,1
1131,不安的童话,恩田陆,1
1132,心连·情结(恋爱随意链接),庵田定夏,0
1133,妖怪少爷(滑头鬼之孙),大崎知仁,1
1134,龙鱼少女,西鱼立子,1
1135,少年检阅官,北山猛邦,1
1136,土属性可不是闹着玩的！,叶原铁,1
1137,girls’life!,布都みたま,1
1138,世界树迷宫～逝者的镇魂歌～,嬉野秋彦,1
1139,美少女幽灵的恋爱效应,壱日千次,1
1140,阴摩罗鬼之瑕,京极夏彦,1
1141,为了N,凑佳苗,1
1142,B.A.D事件簿(BAD事件簿),绫里惠史,1
1143,约会大作战(DATE A LIVE),橘公司,0
1144,龙与勇者与不可爱的我,志村一矢,1
1145,他与食人者的日常,火海坂猫,1
1146,星图咏的理娜,川口士,1
1147,百鬼夜行,京极夏彦,1
1148,惊爆危机ANOTHER(全金属狂潮another),大黑尚人,1
1149,五年二班的吸血鬼,糸绪思惟,1
1150,家庭游戏,筑地俊彦,1
1151,白银龙王的摇篮,津川友贵,1
1152,英雄书,宫部美雪,1
1153,骗王,秋目人,1
1154,艾比斯之梦,山本弘,1
1155,三分钟的少年遇见少女,合作,1
1156,STITCH裁缝少女,相内円,1
1157,后巷说百物语,京极夏彦,1
1158,农林,白鸟士郎,1
1159,魔法科高中的劣等生(魔法科高校的劣等生),佐岛勤,0
1160,魔法战争,铃木央,0
1161,斩光王剑录,穗村元,1
1162,星尘中队 离星空最近之处,foca,1
1163,古典部系列(冰果),米泽穗信,0
1164,Missing 神隐物语,甲田学人,1
1165,恋物语(物语系列九),西尾维新,1
1166,恬不知耻的紫烟(不知耻的紫烟)-JOJO的奇妙冒险-,上远野浩平,1
1167,出租执事,藤咲あゆな,1
1168,Another,绫辻行人,1
1169,神鸣公主的无邪,镜游,1
1170,Cross Days～交织的谎言、重叠的思念～,秋月ひろ,1
1171,我的现实与网游被恋爱喜剧侵蚀了(不妙我的现实和网游正被浪漫轻喜剧侵蚀),藤谷ある,1
1172,奥加zoom up!,穗史贺雅也,1
1173,宝贝公主Baby Princess,公野樱子,1
1174,无限住人 刃兽异闻,大迫纯一,1
1175,六花的勇者,山形石雄,1
1176,咬上去吧，安诺酱!,小林がる,1
1177,青之驱魔师 Weekend Hero,矢岛绫,1
1178,推荐一起共度初体验的她(初体验推荐彼女),朝野始,1
1179,古书堂事件手帖 栞子篇(彼布利亚古书堂事件记事簿),三上延,0
1180,妹妹监护人,月见草平,1
1181,樱色少年茶房,博惠夏树,1
1182,LAST KISS,佐藤ケイ,1
1183,我与她的绝对领域,鹰山诚一,1
1184,BIG4(BIG-4),大乐绚太,1
1185,欢迎来到巫家！,冬木冬树,1
1186,魔王学校里只有我是勇者!?,夏绿,1
1187,潘朵拉之心～CAUCUS RACE～,若宫シノブ,1
1188,灼热的小早川同学,田中罗密欧,1
1189,少女,凑佳苗,1
1190,司书，剪刀，短铅笔,ゆうきりん,1
1191,国王游戏,金泽伸明,1
1192,问题儿童都来自异世界?,龙之湖太郎,1
1193,我和侦探伯爵,森博嗣,1
1194,超萌 我们的天神乱漫,Harvest,1
1195,哈罗，天才少女,优木カズヒロ,1
1196,负数与零,广濑正,1
1197,夜行观览车,凑佳苗,1
1198,苍翼默示录,驹尾真子,1
1199,宵山万花筒,森见登美彦,1
1200,打工族买屋记,有川浩,1
1201,白银的城姬,志瑞佑,1
1202,我与她的游戏战争(我与她的战争游戏),师走透,1
1203,Judgement Chime 制裁钟声,驹尾真子,1
1204,我的未来和恋爱湛蓝而清澈,高濑ユウヤ,1
1205,拜托了双子星(星空的邂逅2),雑破业,1
1206,罪恶王冠,ゆうきりん,1
1207,锁锁美小姐@不好好努力(锁锁美同学@提不起劲),日日日,1
1208,旅行，直至毁灭世界的终焉,万屋直人,1
1209,献给某飞行员的夜想曲,犬村小六,1
1210,有闲俱乐部,下川香苗,1
1211,百器徒然袋,京极夏彦,1
1212,陪伴着我，陪伴着你,ごぉ,1
1213,果然我的青春恋爱喜剧搞错了(我的青春恋爱物语果然有问题),渡航,1
1214,我的宅女神(宅居的她是神的说),すえばしけん,1
1215,学生会侦探桐香,杉井光,1
1216,暗之皇太子,金泽有幸,1
1217,明治开化安吾捕物帖,坂口安吾,1
1218,羔羊的盛宴,米泽穗信,1
1219,不分昼夜，恶女相伴(日夜相伴，恶女在身边),鸟村居子,1
1220,U.F.O.未确认飞行,大桥英高,1
1221,卡纳克的轨迹,上总朋大,1
1222,香格里拉,池上永一,1
1223,机械狂人,有川浩,1
1224,魔王女孩与村民A,ゆうきりん,1
1225,狐的故事,森见登美彦,1
1226,Over Image超异能游戏(超越想象),游佐真弘,1
1227,魔法使玛莉伊,东川笃哉,1
1228,毒吐姬与星之石,红玉伊月,0
1229,旅行少女与灼热之国,藤原征矢,1
1230,魔法少女的黑色狂想曲,根木健太,1
1231,空想科学生活读本,柳田理科雄,1
1232,中之下!,长冈真纪子,1
1233,我的妹妹是僵尸,伊东ちはや,1
1234,夏日大作战 OZ危机,土屋司,0
1235,畸恋迷幻,间宫夏生,1
1236,性冲动猎人RIOT(内裤猎人),筑地俊彦,1
1237,征王之迷宫塔,濑尾つかさ,1
1238,修罗场恋人(修罗场之恋),岸杯也,1
1239,拿出男子气概吧!仓田君!,齐藤真也,1
1240,千之魔剑与盾之少女,川口士,1
1241,Happy Death Day,望公太,1
1242,光明之心 面包薰香之岛,加纳新太,1
1243,TriplePlay三重杀的助恶郎,西尾维新,1
1244,噬血狂袭 strike the blood,三云岳斗,0
1245,Minutes 绝对一分钟,乙野四方字,1
1246,荣誉之心,淡路帆希,1
1247,虫忍—MUSHININ—,古桥秀之,1
1248,圣钟少女,本宫ことは,1
1249,记录的地平线,橙乃麻麻理,0
1250,梦魔少年！,三门铁狼,1
1251,影子篮球员-Replace-(黑子的篮球),平林佐和子,1
1252,鲤之洼学园侦探部,东川笃哉,1
1253,幻想谭教诲师,海冬零儿,1
1254,幽灵什么的才看不见！,村崎幸也,1
1255,某僵尸少女的灾难,池端亮,1
1256,龙娘七七七埋藏的宝藏(龙之娘七七七的宝藏),凤乃一真,0
1257,铭刀少女DEGEN MADCHEN(剑灵少女),田口仙年堂,1
1258,炽天使们的五分钟后,瑞智士记,1
1259,蜥蜴王,入间人间,1
1260,剑神的继承者(剑神之继承者),镜游,1
1261,不付房租的魔王,伊藤ヒロ,1
1262,钢铁之翼(钢之羽),虚渊玄,1
1263,想变成宅女，就让我当现充！,村上凛,1
1264,阳炎眩乱(阳炎DAYS／蜉蝣daze),自然之敌P,0
1265,红钢的精灵操术师,はやけん,1
1266,女装皇家教师(女装家教),野村美月,1
1267,自我中心纯爱,藤崎都,1
1268,剧团Theatre,有川浩,1
1269,游戏人生No game No life,榎宫佑,1
1270,我拯救太多女主角引发了世界末日！？,なめこ印,1
1271,10岁的保健体育,竹井10日,1
1272,梦沉抹大拉,支仓冻砂,0
1273,Are you Alice？你是爱丽丝？,诸口正巳,1
1274,乐圣少女,杉井光,0
1275,大长篇恶魔奶爸,SOW,1
1276,如果折断她的旗(如果她的旗帜被折断了),竹井10日,1
1277,我与男生与青春期妄想的她们,矢野唯,1
1278,MUV-LUV Schwarzes marken(死亡黑标),内田弘树,1
1279,0能者九条凑,叶山透,1
1280,受欢迎的我连世界都拯救了(泣),谷春庆,1
1281,我被绑架到贵族女校当「庶民样本」,七月隆文,1
1282,进击的巨人 before the fall,凉风凉,1
1283,中二病也要谈恋爱!,虎虎,1
1284,狗与剪刀必有用,更伊俊介,0
1285,世界第一初恋 吉野千秋的场合,藤崎都,1
1286,家守绮谭,梨木香步,1
1287,祝百之喜事务所,茅田砂胡,1
1288,Sugar Sister 1∕2,鹰野新,1
1289,昨日也曾爱着他,入间人间,1
1290,蓬莱学园的初恋,新城十马,1
1291,对恶魔揉来揉去的理由,镜裕之,1
1292,我的狐姬主人(狐姬的仆人),春日御影,1
1293,BOY MEETS HEART！她的旗子久攻不下？,鸟羽彻,1
1294,茜色交响曲,瑞智士记,1
1295,苍柩的青金石,朝野始,1
1296,堕落邪恶组织，拥抱美少女大胜利!(坠入邪道后左拥右抱成了赢家!!),冈泽六十四,1
1297,新约 魔法禁书目录,镰池和马,0
1298,世界末日女子学园,糸绪思惟,1
1299,会飞的猪还是猪?,凉木行,1
1300,银之十字架与吸血姬,十月ユウ,1
1301,逃离乐园岛(逃出乐园岛),土桥真二郎,1
1302,弹丸论破Dangan Ronpa∕Zero,小高和刚,1
1303,神曲奏界 沉默歌姬,榊一郎,1
1304,Rewrite SSS,合作,1
1305,绝对双刃absolute duo,柊★巧,0
1306,向森之魔物献上花束(向森林的魔兽少女献花),小木君人,1
1307,凭物语(物语系列十),西尾维新,1
1308,Mix！误打误撞成了体操少女,岩佐护,1
1309,新妹魔王的契约者,上栖缀人,1
1310,姐神!,橘ぱん,1
1312,失败禁止！美少女的秘密不侧漏！(失败禁止！她的秘密不能泄漏！),真崎政宗,1
1313,给小桃的信,百濑忍,1
1314,梦见的咲夜,城崎火也,1
1315,我与女武神的新婚生活(女武神要结婚),镰池和马,1
1316,魔王的我与不死公主的戒指(魔王的我和不死姬的指环),柑橘ゆすら,1
1317,请记得我,杉井光,1
1318,守护猫娘绯鞠,みかづき红月,1
1319,我家会长是个坏坏虎斑猫,空野一树,1
1320,女神异闻录4,藤原健市,1
1321,前巷说百物语,京极夏彦,1
1322,这是当然的大小姐(当然、大小姐),竹冈叶月,1
1323,为了守卫二次元的据点而不得已需要女友,冬树忍,1
1324,你是我的圣剑,大树连司,1
1325,我被女生倒追，惹妹妹生气了？,野岛研二,1
1326,学战都市Asterisk(学战都市六芒星),三屋咲悠,0
1327,我就是美少女偶像！？,七海树里,1
1328,赛姬的眼泪(由良三部曲),柴村仁,1
1329,T、内裤、好运到,本村大志,1
1330,我和你有致命的认知差异(你存在致命性的偏差),赤月驱矢,1
1331,初音未来的消失,阿贺三梦也,1
1332,最后的救世主,岩井恭平,1
1333,沼地森林,梨木香步,1
1334,脱兔的反击,秀章,1
1335,魔剑的爱莉丝贝儿(魔剑的爱丽丝贝尔),赤松中学,1
1336,于是，他就这样烧了屋顶,カミツキレイニー,1
1337,红龙(红龙战役),三田诚,1
1338,许爱之岛,杉井光,1
1339,RISING RYDEEN异能对决,初美阳一,1
1340,唐草人偶,梨木香步,1
1341,消遣的挑战者,岩井恭平,1
1342,因此少女以回忆为食,七乌未奏,1
1343,盟约的利维坦,丈月城,1
1344,寄生彼女砂奈(寄生女友佐奈),砂义出云,1
1345,我和她乃魔王与勇者及学生会长,哀川让,1
1346,不完全神性机关伊莉斯,细音启,1
1347,植物园的巢穴,梨木香步,1
1348,天地明察,冲方丁,1
1349,不吸血的吸血鬼,刈野ミカタ,1
1350,CANAAN 异能者迦南,杉原智则,1
1351,月花歌姬与魔技之王,翅田大介,1
1352,漂流书库之断罪星导师,川口士,1
1353,反文字的数秘术师(不屈于数的数秘术师),兔月山羊,1
1354,味噌养成魔法使,澄守彩,1
1355,想要炼成和学生会长一模一样的女孩子来作恋人的我却因此成了仆人,月见草平,1
1356,穿越时空的龙王与迈向灭亡的魔女之国(穿越龙王与步向灭亡的魔女之国),舞阪洸,1
1357,打工侦探,大泽在昌,1
1358,贵族少女的使命！,TAMAMI,1
1359,不起眼女主角培育法(路人女主的养成方法),丸户史明,1
1360,失落的花园,红玉伊月,1
1361,OUTBREAK COMPANY 萌萌侵略者,榊一郎,1
1362,猫所不能从事的职业,竹林七草,1
1363,来观光吧！县厅款待课,有川浩,1
1364,舞风的铠姬(风中起舞的铠甲姬),小山健,1
1365,黑猫的水曜日,地本草子,1
1366,机动战士高达W 冰结的泪滴(Frozen Teardrop),隅泽克之,1
1367,无法解读的暗号少女,新保静波,1
1368,19岁~Nineteen~,合作,1
1369,圣剑使的禁咒咏唱,淡群赤光,1
1370,割耳奈露莉,石川博品,1
1371,正义的同伴的同伴的同伴,哀川让,1
1372,露露的支配魔术,土屋司,1
1373,我果然还是浑然不觉,望公太,1
1374,齐藤爱丽丝是有害的,中维,1
1375,万能鉴定士Q事件簿,松冈圭佑,0
1376,我的坏前辈,日日日,1
1377,咱学校的暗杀社(学校的暗杀部),深见真,1
1378,EscApe SpeEd,九冈望,1
1379,尼特狮子红圣女,八剃玉造,1
1380,GJ部,新木伸,1
1381,疑心恋心,丸山英人,1
1382,期间限定妹妹(限期妹妹),长冈真纪子,1
1383,Fate Apocrypha,东出佑一郎,1
1384,暗之部屋,唐边叶介,1
1385,男高中生的哈利路亚！,一之濑六树,1
1386,发条精灵战记 天镜的极北之星(天镜的阿尔德拉民),宇野朴人,1
1387,L 诈欺师佛雷特兰德的华丽传说,坂照铁平,1
1388,声优公主(姬音),太田显喜,1
1389,背叛少女,川崎中,1
1390,给锹形虫一记手刀结果穿越时空了,タカハシ ヨウ,1
1391,鸠子与我的爱情喜剧,铃木大辅,1
1392,偷猫贼与星期四的厨房,桥本纺,1
1393,请给我分手的理由,太田僚,1
1394,悠久骑士(HRSVELGR EXCEED 月誓的崇高之剑),七乌未奏,1
1395,你并不孤单,小岩井莲二,1
1396,献给死者的音乐,乙一,1
1397,JOJO’S BIZARRE ADVENTURE OVER HEAVEN,西尾维新,1
1398,甘城辉煌乐园救世主(甘城光辉游乐园),贺东招二,0
1399,终末之海,片理诚,1
1400,Steins；Gate命运石之门(助手视角篇),三轮清宗,1
1401,Steins；Gate命运石之门 比翼连理的非恋人,海羽超史郎,1
1402,里庭,梨木香步,1
1403,双胞胎与青梅竹马的四人命案(双子与青梅竹马的四杀),森田阳一,1
1404,穷神 泰庵高中连续杀人事件,田中创,1
1405,我的脑内恋碍选项,春日部武,1
1406,要帮忙也不找我家的猫,水无濑さんご,1
1407,只不过是、想要个妹妹而已。,水无濑さんご,1
1408,超魔人 ALPHAS ZETMAN ANOTHER STORY,古桥秀之,1
1409,四百二十连败女孩(四百二十连败少女),桐山成人,1
1410,CODE GEASS 双貌的奥兹,森田繁,1
1411,K官方小说,合作,1
1412,燃烧世界的女孩,恩田陆,1
1413,死者的学园祭,赤川次郎,1
1414,魔法少女育成计划,远藤浅蜊,1
1415,犬附少女,唐边叶介,1
1416,二四零九层的她,西村悠,1
1417,火界王剑的神灭者,津川友贵,1
1418,伏 赝作.里见八犬传,樱庭一树,1
1419,A子与『透』与社团活动时间,柳田狐狗狸,1
1420,悲鸣传(传说系列),西尾维新,1
1421,名称未设定,津田夕也,1
1422,始皇帝重建秦于日本！,田辺わさび,1
1423,当不成勇者的我，只好认真找工作了,左京润,1
1424,这个家里有没有勇者大人或者救世主大人呢?,川口士,1
1425,森罗万象统御者,水月纱鸟,1
1426,魅惑王冠,雪野静,1
1427,RDG 濒危物种少女,荻原规子,0
1428,月色之扉,桥本纺,1
1429,鼻血店长就不行吗？,新木伸,1
1430,4月，那是——,合作,1
1431,Steins；Gate命运石之门(官方外传β世界线),たきもとまさし,1
1432,彼岸花绽放之夜,龙骑士07,1
1433,歌姬少女的创乐谱,雨野智晴,1
1434,人生,川岸殴鱼,1
1435,理想的小白脸生活,渡边恒彦,1
1436,我想吃饭！～什么都会做的～,天乃圣树,1
1437,现充王！,若樱拓海,1
1438,我被姨妈整成妹了！,水内灯里,1
1439,魔技科的剑士与召唤魔王,三原みつき,1
1440,我真的是笨蛋吗？,水木茂,1
1441,神明大人的工作(神明的工作),干,1
1442,丧女会的不当日常,海冬零儿,1
1443,妄想乔娜,西村悠,1
1444,直到你哭出来为止都会一直践踏你!,御影瑛路,1
1445,侦探·日暮旅人,山口幸三郎,1
1446,下流梗不存在的灰暗世界(没有黄段子的无聊世界),赤城大空,1
1447,东云侑子系列(东云侑子热爱短篇小说),森桥宾果,1
1448,水的边缘,片冈智晴,1
1449,霸剑皇姬阿尔缇娜(霸剑的皇姬阿尔缇娜),村崎幸也,1
1450,付丧神古道具店,小松艾梅儿,1
1451,历物语(物语系列十一),西尾维新,1
1452,大奥之樱 现代大奥女学院,日日日,1
1453,小彩乃的神谕,桥本纺,1
1454,大图书馆的牧羊人,田尾典丈,1
1455,茶道少主的京都出走,松村荣子,1
1456,女高中生店长的便利商店一点也不好玩(女高中生店长的便利店真不轻松啊),明坂缀,1
1457,walkyrie works,逢空万太,1
1458,未完的少女传说Current Tale,弥生志郎,1
1459,终结的炽天使 一濑红莲，破灭的16岁(终结的炽天使 一濑红莲16岁的破灭),镜贵也,1
1460,仆仆仙人 千岁少女,仁木英之,1
1461,黑钢的魔纹修复士,嬉野秋彦,1
1462,last savior,兔月山羊,1
1463,我将在明日逝去，而你将死而复生(明天，我会死去，你将重生),藤万留,1
1464,鬼灵精事件簿!(妖怪狂想曲!),夏希のたね,1
1465,我的妈妈变回17岁(我的妈妈变成17岁了),弘前龙,1
1466,小恶魔缇莉与救世主(小恶魔媞莉与救世主)！？,衣笠彰梧,1
1467,白银的救世机,天野冬景,1
1468,执事志津二与魔法契约,三门铁狼,1
1469,塔京灵魂术士,爱染猫太郎,1
1470,冠绝姬王与召唤骑士,宫泽周,1
1471,绝对服从少女(绝对服从女孩),春日秋人,1
1472,九个故事,桥本纺,1
1473,咖啡馆推理事件簿,冈崎琢磨,1
1474,武士之血,松时之介,1
1475,龙乐团！,美奈川护,1
1476,我的校园生活才正要开始！(我的校园生活才刚刚开始！),冈本タクヤ,1
1477,女性向游戏攻略对象竟是我(当上乙女游戏的攻略对象了),秋目人,1
1478,终焉世界的天灾姬,三之神龙司,1
1479,哀川润的失败,西尾维新,1
1480,伊苏,大场惑,1
1481,不眠魔王与克萝诺的世界,明月千里,1
1482,我要成为双马尾,水泽梦,1
1483,茉建寺埃莉诺的非主流科学研究室,榊一郎,1
1484,少女3原则！,松智洋,1
1485,何之缘(冥冥的缘),野崎窗,1
1486,转吧！企鹅罐,几原邦彦,1
1487,无气力勇者与好奇的魔王(颓废勇者和好奇心魔王),冬木冬树,1
1488,PSYCOME炼爱学狱(恋狱剧场),水城水城,1
1489,我们就爱肉麻放闪耍甜蜜(和她们卿卿我我),风见周,1
1490,社团文集(我们的社团活动才刚刚开始),合作,1
1491,沉睡魔女(沉睡女巫),真野真央,1
1492,Story Seller 故事贩卖者,有川浩,1
1493,神圣魔法师漆黑的漆原小姐,森田季节,1
1494,一级天灾极非情愿的名推理,凤乃一真,0
1495,虐待狂刑警 蝴蝶效应杀人事件,七尾与史,1
1496,贝克街少年侦探团,真濑もと,1
1497,铳皇无尽的法夫纳,司,1
1498,妖怪连络簿(夏目友人帐),村井贞之,1
1499,时钟机关之星Clockwork Planet,榎宫佑 暇奈椿,1
1500,LOVELIVE！School idol diary(校园偶像日记 μ’s活动日志),公野樱子,0
1501,桃音汐音的轻小说日记,朝野始,1
1502,掬光,桥本纺,1
1503,废柴一看就上手的「镰足同学式」受欢迎入门,石川博品,1
1504,英雄传说 零之轨迹 四人的命运,田泽大典,1
1505,GATE奇幻自卫队(Gate自卫队于彼地战斗),柳内たくみ,1
1506,死神姬的再婚,小野上明夜,1
1507,狙击冰风 雪妖精与白色死神,柳内たくみ,1
1508,在地下城寻求邂逅是否搞错了什么(期待在地下城邂逅有错吗),大森藤野,1
1509,法布尔小姐的虫之荒园(虫之荒石园),物草纯平,1
1510,我的姐姐有中二病(姐姐是中二),藤孝刚志,1
1511,终焉之栞,スズム,1
1512,东京爬树侦探,平野肇,1
1513,时之恶魔和三篇物语(时之恶魔与三个物语),ころみごや,1
1514,境界调停人,木下祥,1
1515,SHE MUST DIE 她，唯有一死,石川周,1
1516,BLEACH Spirits Are Forever With You(死神外传小说),成田良悟,1
1517,巴洛克骑士,叶村哲,1
1518,五龙世界,壁井有可子,1
1519,高一就是异世界的城主(虽然才高一却在异世界当起城主),镜裕之,1
1520,星空的记忆AS,なかひろ,1
1521,浴血方舟 公元5000年的亚当,榊一郎,1
1522,剑刻的银乙女(剑刻之银乙女),手岛史词,1
1523,逆天传说,深山ユーキ,1
1524,僵尸少女的入学,池端亮,1
1525,迷你裙宇宙海贼(暴力宇宙海贼),笹本祐一,1
1526,神话战域,无嵨树了,1
1527,黄金之王 白银之王,泽村凛,1
1528,源氏物语,越水利江子,1
1529,Arist Craisi 穴藏恶魔,绫里惠史,1
1530,黄昏堂便利商店,村山早纪,1
1531,漆黑英雄的一击无双(黑之英雄的一击无双),望公太,1
1532,在那个夏天等待,丰川一夏,1
1533,扉之魔术师的召唤契约,空野一树,1
1534,野蛮游戏,黑井岚辅,1
1535,咱家女仆不定形(我家的女仆不定形),静川龙宗,1
1536,银闪战乙女与封门公主,濑尾つかさ,1
1537,16:00的召唤魔法,木绪那智,1
1538,情色漫画老师(我的妹妹是黄漫老师／埃罗芒阿老师),伏见司,1
1539,于夏月之海轻语的咒文,雨宫谅,1
1540,SKYWORLD苍穹境界,濑尾つかさ,1
1541,翠星上的加尔冈缇亚,谷村大四郎,1
1542,英雄传说 零之轨迹,市川丈夫,1
1543,冰雪少女,山田有,1
1544,魔王之类的啦！,原田源五郎,1
1545,圣剑与魔龙的世界,サイトウケンジ,1
1546,灰与幻想的格林姆迦尔,十文字青,1
1547,重启咲良田,河野裕,0
1548,美少女通通是我的,天草白,1
1549,日向美 宛如凛风中绽放的花,八奈川景晶,1
1550,九十九的空伞,司,1
1551,巴冈特反英雄谭(巴甘多反英雄传),八街步,1
1552,萌奈美即将终结世界？,勇岭薰,1
1553,献给失落之神的圣谣谭,内田俊,1
1554,双合透镜Cromn Flint,三上康明,1
1555,对魔导学园35试验小队,柳实冬贵,1
1556,影法师,百田尚树,1
1557,终物语(物语系列十二),西尾维新,1
1558,少女禁区,伴名练,1
1559,黑之夜刀神,手岛史词,1
1560,胚胎奇谭,乙一,1
1561,付丧神出租中！,畠中惠,1
1562,冰境的艾玛莉莉丝(冰之国的阿玛莉莉丝),松山刚,1
1563,魔女死之屋,筱田真由美,1
1564,勇者互助公会 交流型留言板,おけむら,1
1565,脱衣传,大谷久,1
1566,这里是幸福安心委员会,鸟居羊,1
1567,天与地的守护者,上桥菜穗子,1
1568,流行之神 警视厅怪异事件档案0,合作,1
1569,我无法说明她有猫耳与尾巴的理由,三上康明,1
1570,以魔王之力来支配叛逆期的妹妹,日日日,1
1571,再会吧，青春小鸟！,乙一,1
1572,迟钝的我与敏锐的她,にのまえあゆむ,1
1573,咆哮魔龙的捕食作法,内崛优一,1
1574,不可以玩这种游戏！,岩波零,1
1575,再生的思考升华,武叶红,1
1576,SHINO双子,麻宫枫,1
1577,妮娜与兔子与魔法战车,兔月龙之介,1
1578,屠龙者的异世界生活,赤雪トナ,1
1579,The ScrowMan ＆ FairyLolipops,物草纯平,1
1580,勇者大人突然向我求婚！？,富樫圣夜,1
1581,Sugar Apple Fairy Tale,三川美里,1
1582,! 惊叹号,二宫敦人,1
1583,伪恶之王,二阶堂纮嗣,1
1584,最近妹妹的样子有点怪(最近我的妹妹有点怪),みかづき红月,1
1585,格斗天王97(拳王97),嬉野秋彦,1
1586,魔塔大陆,合作,1
1587,无职转生～到了异世界就拿出真本事～(无职转生~在异世界认真地活下去~),理不尽な孙の手,0
1588,乘秋千飞翔的圣修伯里,红玉伊月,1
1589,SCAR EDGE,三田诚,1
1590,圈、叉与三角——王牌，就此展开,月本一,1
1591,Leading Blood,田尾典丈,1
1592,OVERLORD不死者之王,丸山くがね,0
1593,彷徨神姬的剑使徒(流浪神姬的剑使徒),すえばしけん,1
1594,闪光的雪茫,明秀一,1
1595,转生!白之王国物语,白泽戌亥,1
1596,梦日记 你的梦中，我已不在。,日日日,1
1597,从零开始的魔法书(零之魔法书),虎走かける,0
1598,草祭,恒川光太郎,1
1599,奴隶区 我与23个奴隶,冈田伸一,1
1600,温泉巨龙王国,山川进,1
1601,超次元游戏海王星,おかず,1
1602,琉璃色的瞎扯淡日常,伊达康,1
1603,相亲于盛夏 再会翱翔天际之风,朱门优,1
1604,我家的食客掌握全世界！,七条刚,1
1605,惊悚文集,合作,1
1606,残秽,小野不由美,1
1607,都市冒险王,勇岭薰,1
1608,东京下町古书店,小路幸也,1
1609,月下魔女,佐藤ケイ,1
1610,舰队收藏(舰队Collection 阳炎，起锚！),筑地俊彦,1
1611,浮游学园的爱丽丝＆雪莉,村崎幸也,1
1612,拜托，再给我五分钟！,境京亮,1
1613,天翔虎军师,上总朋大,1
1614,青春猪头少年不会梦到兔女郎学姊(青春野狼不做兔女郎学姐的梦),鸭志田一,0
1615,虽然我不记得，但还是喜欢你,比嘉智康,1
1616,召唤学园的魔术史学,中谷荣太,1
1617,LEGAL FANTASY 律色幻想,羽田辽亮,1
1618,落第骑士英雄谭,海空陆,1
1619,金女友、银女友还是普通女友？(我和她、她还有她),田尾典丈,1
1620,众神的午睡,浅野敦子,1
1621,请给我正常的室友,太田僚,1
1622,那片大陆上的故事,时雨泽惠一,1
1623,打工处是邪恶组织,ケルビム,1
1625,请杀了我,辻村深月,1
1626,浜村渚的计算笔记,青柳碧人,1
1627,百炼霸王与圣约女武神,鹰山诚一,1
1628,我和她的青春辩论(我与她的青春争论),喜多见かなた,1
1629,默示录爱丽丝(默示录Alice),镜贵也,0
1630,爱上她的12种方法,入间人间,1
1631,明智少年的诡辩,道端さつと,1
1632,无名反叛者,草木うしみつ,1
1633,不推理的名侦探,村田治,1
1634,深海编年史(记录大洋底),中村学,1
1635,里染系列(体育馆杀人事件),青崎有吾,1
1636,川之光,松浦寿辉,1
1637,欢迎光临魔女馆,九十九蓉子,1
1638,英知学园的UNDER HEART,根岸和哉,1
1639,最弱无败神装机龙《巴哈姆特》,明月千里,1
1640,勇者凛的传说,琴平稜,1
1641,我的小规模奇迹,入间人间,1
1642,天空的莉莉娅,千田诚行,1
1643,傀儡师神乐,赛目和七,1
1644,我的勇者,葵关南,1
1645,智慧村的座敷童子,镰池和马,1
1646,失恋侦探百濑,岬鹭宫,1
1647,排球少年！！,星希代子,1
1648,枪与假面(枪的假面舞会),子安秀明,1
1649,三分之一,木下半太,1
1650,勇者遭到背叛之后,市村铁之助,1
1651,武装中学生2045 夏,冈本タクヤ,1
1652,椎名町学姊的安全日,サイトウケンジ,1
1653,暗黑学校,二宫敦人,1
1654,八咫乌系列,阿部智里,1
1655,花鸟风月系列,绫崎隼,1
1656,妹妹攻略我的路线·爱情喜剧理论,明月千里,1
1657,为美好的世界献上祝福！(给予这个绝美的世界以祝福！),晓夏目,0
1658,马卡龙女孩的地球千年之旅,からて,1
1659,太阳坐落之处,辻村深月,1
1660,家里蹲万魔殿,壱日千次,1
1661,刺杀结之丞,浅野敦子,1
1662,月之誓约与原书的公主,樋口用考,1
1663,初恋Continue,なかひろ,1
1664,恋爱0公里 一个假如说的故事,天草白,1
1665,DOG LIVE,藤原健市,1
1666,肌肉之神马思鲁,佐藤ケイ,1
1667,守护灵系列(前门有好胜巫女 后门有没用守护灵),清水文化,1
1668,梵蒂冈奇迹调查官,藤木禀,1
1669,七星降灵学园的恶魔,田口仙年堂,1
1670,青春猫熊乐团,泷上耕,1
1671,沃泰克斯学园战记,山田有,1
1672,线上游戏的老婆不可能是女生？,听猫芝居,1
1673,野球少年,浅野敦子,1
1674,蛮憨女侦探事件簿,东川笃哉,1
1675,恋爱合战！,瓜亚锭,1
1676,珍爱物语！一觉醒来爱我的妹妹竟然变得比我大,三木なずな,1
1677,少女与战车,ひびき游,1
1678,魔装学园H×H,久慈政宗,1
1679,天之弱,柄本和昭,1
1680,话说当时我还不是主角,二阶堂纮嗣,1
1681,碧可梦境大冒险,赤村次郎,1
1682,境界的彼方,鸟居なごむ,1
1683,安达与岛村,入间人间,1
1684,不会飞的蝴蝶与天空之鯱(无法飞翔的蝴蝶与天空的逆戟鲸),手岛史词,1
1685,樱花contact,合作,1
1686,破除者(邪之制裁者),兔月山羊,1
1687,盗贼神技～在异世界盗取技能～,飞鸟けい,1
1688,乘着风与鲁特琴的旋律,健速,1
1689,无限回圈游戏,入间人间,1
1690,来自流星的丝碧卡,兔月龙之介,1
1691,我一点也不适合当侦探,佐久良刚,1
1692,爱的禁行式,本谷有希子,1
1693,导弹人,平山梦明,1
1694,山手线侦探团,七尾与史,1
1695,骑士＆魔法,天酒之瓢,1
1696,博多豚骨拉面团,木崎千秋,0
1697,我要让你来当我哥！,すぎやまリュウ,1
1698,幽灵列车与金平糖,瑞智士记,1
1699,Starting Over 重启人生,三秋缒,0
1700,空战魔导士培训生的教官(空战魔导士候补生的教官),诸星悠,1
1701,天使的3P！,苍山サグ,1
1702,冥玉的奥尔曼,筑地俊彦,1
1703,假面骑士剑(假面骑士系列五),宫下隼一,1
1704,战国ぼっち,泷津孝,1
1705,这份恋情，与其未来。(这个恋爱与、那个未来。),森桥宾果,1
1706,她们做菜难吃的百种理由,高野小鹿,1
1707,盾之勇者成名录,アネコユサギ,0
1708,飞翔公关室,有川浩,1
1709,杀戮之电脑终结者,樱井光,1
1710,星降之夜殴打社畜,高桥佑一,1
1711,小魔女Doremi16,栗山绿,1
1712,水底祭典,辻村深月,1
1713,实现之星,高桥弥七郎,1
1714,不能使用攻击魔法的魔法师,绢野帽子,1
1715,爆肝工程师的异世界狂想曲(异世界狂想曲),爱七ひろ,1
1716,花开人家,村山早纪,1
1717,奇迹寄物商,大山淳子,1
1718,十字架×王之证,三田诚,1
1719,天才作家铃铃的秘密档案,爱川樱,1
1720,每个女孩都有不可告人的秘密(女生有着不管对谁都不能说的秘密哟！),山本充实,1
1721,见习神官LV1,佐佐原史绪,1
1722,圣剑与邪刀的叛乱者(圣剑与邪刀的叛逆者),岩波零,1
1723,天空的阿卡米雷斯,三上延,1
1724,下脚蔬菜村的败部复活大作战,黑野伸一,1
1725,平行处的阳光,有川浩,1
1726,贝琪小姐系列,北村薰,1
1727,日常生活中的异能战斗(日常系的异能战斗),望公太,1
1728,死神的浮力,伊坂幸太郎,1
1729,IDOLISING偶像擂台！,広沢サカキ,1
1730,Only Sense Online 绝对神境,アロハ座长,1
1731,勇者我和魔王她的客厅之战,绯月剃,1
1732,Realforce Ignition,七乌未奏,1
1733,异变之月(月光宝盒),渡濑草一郎,1
1734,Death Need Round,朝浦,1
1735,2,野崎窗,1
1736,光机动飞翔兵器 武装妖精FAIRY,齐藤真也,1
1737,夜之国的库帕,伊坂幸太郎,1
1738,你是北极星,三浦紫苑,1
1739,终夏与失忆女友,境田吉孝,1
1740,东京喰种(东京食尸鬼),十和田シン,1
1741,天国旅行,三浦紫苑,1
1742,魔王的仆人出现了!,上野游,1
1743,将太的寿司 挑战笹寿司四大天王,游生草平,1
1744,魔法禁书目录剧场版 通向恩底尼翁之路,镰池和马,1
1745,真红老师的课外授业,漆原雪人,1
1746,在紫阳花开的季节我们彼此感应,志茂文彦,1
1747,桑潟幸一副教授的时尚生活,奥泉光,1
1748,RAIL WARS！国有铁道公安队,丰田巧,1
1749,残酷童话,仓桥由美子,1
1750,魔女之家 艾莲日记,ふみー,1
1751,樱神乐,久弥直树,1
1752,未踏召唤:／／鲜血印记,镰池和马,1
1753,笨蛋全裸向前冲,入间人间,1
1754,猫耳天使与恋爱苹果,花间灯,1
1755,异世界超能魔术师,内田健,1
1756,七曲七海的奇妙秘密,雨木秀介,1
1757,今天开始兼职四天王,高远豹介,1
1758,与某飞行员的誓约,犬村小六,1
1759,伪恋 幕后花絮,田中创,1
1760,也许是现在进行式的黑历史,淡群赤光,1
1761,成为吸血鬼的你开始一段永恒的爱(化身吸血鬼的你开始永远的爱恋),野村美月,1
1762,安琪莉可 天空的镇魂歌,草剃陀美鸟,1
1763,6天6人6把枪 CROCRO-CLOCK,入间人间,1
1764,前任勇者想隐居,井々田K,1
1765,PSYCHO-PASS心理测量者,深见真,1
1766,PSYCHO-PASS心理测量者 前传,高羽彩,1
1767,S.I.R.E.N.次世代生物统合研究特区(次世代新生物统合研究特区),细音启,1
1768,我可爱的国家令娘,镜游,1
1769,超能力师事务所,誉田哲也,1
1770,我当上魔王军的军师了,长野圣树,1
1771,蔷薇色时光胶囊,大沼纪子,1
1772,我与她互为奴仆的主从契约(我和她的下仆奴隶主从契约),なめこ印,1
1773,银弹的铳剑姬,村崎幸也,1
1774,光明之刃 剑士们的间奏曲,加纳新太,1
1775,格兰斯坦迪亚皇国物语,内堀优一,1
1776,失落的宇宙(宇宙特警),神坂一,1
1777,寻觅眼中的你,入间人间,1
1778,御神乐学园组曲,Last Note,0
1779,三日间的幸福,三秋缒,0
1780,四日间的奇迹,浅仓卓弥,1
1781,夏之庭,汤本香树实,1
1782,转生奇谭,相野仁,1
1783,我成了校园怪谈的原因(我成为七大不可思议的意义),小川晴央,1
1784,穿越！红女神骑士团,诸星崇,1
1785,巷弄间的妖怪们 绫栉小巷加纳裱褙店,行田尚希,1
1786,暮蝉悲鸣之时 解(寒蝉鸣泣之时 解),龙骑士07,1
1787,关于我转生变成史莱姆这档事(关于我转生成为史莱姆的那件事),伏濑,1
1788,AIR 青空下的传说,合作,1
1789,祭品的幸福扳机,未味なり太,1
1790,白色相簿2(WHITE ALBUM2 白雪交织的旋律),月岛雅也,1
1791,绝深海的索拉里斯(无尽深海的索拉利斯),らきるち,1
1792,幼女战记(谭雅战记),カルロ·ゼン,1
1793,Fate Prototype 苍银的碎片,樱井光,0
1794,身为男高中生兼当红轻小说作家的我，正被年纪比我小且从事声优工作的女同学掐住脖子,时雨泽惠一,1
1795,拜托了！数学先生,向井湘吾,1
1796,魔法工学师,秋ぎつね,1
1797,千本樱,一斗まる,1
1798,武艺精研百余年 转世成精灵重拾武者修行,赤石赫々,1
1799,我的空气,泷本龙彦,1
1800,简单的问卷调查,镰池和马,1
1801,You are My Hero,干,1
1802,樱之雨,合作,1
1803,Fateful moments 理想的沙漠,高桥びすい,1
1804,罗姆尼亚帝国兴亡记,舞阪洸,1
1805,新世纪学园战区,来生直纪,1
1806,皇帝圣印 异境之战,夏希のたね,1
1807,喜欢上死党的女友，向井弘凪的罪与罚,野村美月,1
1808,秋叶原地下城冒险奇谭,中野くみん,1
1809,火影剧场版小说 THE LAST,经冢丸雄,1
1810,鹫尾须美是勇者(勇者部系列一),タカヒロ,0
1811,我的她中二得让人困扰,日の原裕光,1
1812,魔法少女禁止法,伊藤广,1
1813,萝莉公主大人的建国日志,箕崎准,1
1814,绝对的孤独者,川原砾,0
1815,东京圣塔,雨野智晴,1
1816,口袋妖怪(宠物小精灵),首藤刚志,1
1817,末日乐园的葬花少女(倾轧乐园的葬花少女),鹰野新,1
1818,罪色之环 REJUDGEMENT,仁科裕贵,1
1819,舰队收藏(舰队Collection 鹤翼之绊),内田弘树,1
1820,对不起,日高由香,1
1821,红鬼不哭了,明坂缀,1
1822,我与她的漫画萌战记(我和她的漫画萌战记),村上凛,1
1823,最终幻想 FINAL FANTASY X-2.5,野岛一成,1
1824,青蛙堂鬼谈,冈本绮堂,1
1825,送行者:温柔又笨拙的送行人们,御堂彰彦,1
1826,吃掉死神的少女,七泽またり,1
1827,来自新世界,贵志佑介,1
1828,不洁圣者的神代之诗,新见圣,1
1829,不正经的魔术讲师与禁忌教典,羊太郎,0
1830,纯白煌王姬与异能魔导小队,桐生恭丞,1
1831,诸神的差使,浅叶なつ,0
1832,艾梅洛阁下II世事件簿(Lord·埃尔梅罗二世事件簿),三田诚,1
1833,生存意义空想,人比良,1
1834,阶梯岛系列(消失吧，群青),河野裕,1
1835,圆环的悖论,濑尾つかさ,1
1836,机关鬼神晓月,榊一郎,1
1837,未完少女洛夫克莱夫特,黑史郎,1
1838,开门铳外交官与龙之国大使馆(开门铳的外交官与龙之国的大使馆),深见真,1
1839,名侦探X不良X现充X痴女X决斗者,天地优雅,1
1840,向魔王太多的世界宣战,甘宇井白一,1
1841,最新的游戏太酷炫了吧,浮世草子,1
1842,赤村崎葵子的分析是瞎扯淡,十阶堂一系,1
1843,通往查拉图斯特拉的阶梯,土桥真二郎,1
1844,黑崎麻由眼中的美丽世界,久远侑,1
1845,合奏女孩！,日日日,1
1846,禁忌的转生术与誓约的公主,鸟村居子,1
1847,盛开之花 其色如血,雾崎雀,1
1848,时槻风乃与暗黑童话之夜,甲田学人,1
1849,东京侵域：Closed Eden,岩井恭平,1
1850,皇帝圣印战记,水野良,0
1851,火影忍者佐助外传小说 迅雷传,东山彰良,1
1852,神谕学园的超越者,秋堂カオル,1
1853,金色文字使 被四名勇者波及的独特外挂,十本翠,1
1854,异世界魔法实在太落后!(异世界的魔法太落后了！),樋辻卧命,1
1855,放学后的偶像 我与学生会长的××,鸭志田一,1
1856,F 黎明的少女与终焉的骑士,糸森环,1
1857,天启的异世界转生谭,ウスバー,1
1858,噬神之天机神铠,草薙アキ,1
1859,尼特族的异世界就职记,桂かすが,1
1860,万事包办退魔士的还债计划,SOW,1
1861,Re:从零开始的异世界生活,长月达平,0
1862,我在异世界里面临辅助魔法与召唤魔法的选择,横冢司,1
1863,樱子小姐的脚下埋着尸体,太田紫织,1
1864,Fairy Tale 幻想编年史～不懂察言观色的异世界生活～,埴轮星人,1
1865,一五同盟,三田诚广,1
1866,中了40亿圆乐透的我要搬到异世界去住了,すずの木くろ,1
1867,异世界因果的见闻录,姬ノ木あ,1
1868,脑浆炸裂girl,吉田惠里香,1
1869,我的青春被一群家里蹲搞砸了,棺悠介,1
1870,甜点师傅的秘密推理,似鸟鸡,1
1871,甘城辉煌乐园救世主 红枫召唤者,八奈川景晶,1
1872,咱们高中的罗蕾莱 命运的一听钟情,志田用太朗,1
1873,寿司社,西野吾郎,1
1874,圣黑龙与火药仪式,北元明野,1
1875,嗜虐之月(嗜虐女和不举男Sadistic moon),出口きぬごし,1
1876,大英雄没有职业有哪里不对,十文字青,1
1877,超自然9人组,志仓千代丸,1
1878,Garden of Avalon(Fate外传 阿瓦隆之庭),奈须蘑菇,1
1879,拉帝提亚霸龙战记,すえばしけん,1
1880,400圆行骗天下,嬉野君,1
1881,幻想症候群,西村悠,1
1882,魔剑军师与虹之兵团,壱日千次,1
1883,神栖丽奈就在此处,御影瑛路,1
1884,期待您大驾光临 老街和果子店栗丸堂,似鸟航一,0
1885,绝对城学长的妖怪学讲座,峰守ひろかず,1
1886,黄昏的禁忌之药～从枝叶间洒落的冬阳～,桐月,1
1887,逃奏剧reactors,塀流通留,1
1888,春日坂高中漫画研究社,あずまの章,1
1889,来狩猎吧！萩乃森高校狩猎专门课程,森月朝文,1
1890,我们的沟通力堪称是校园异能对决LOVE or LIKE？,川添枯美,1
1891,好心的大人,桐野夏生,1
1892,VillainsTail 有坂有哉与渴望被吃的白咲初姫,绫里惠史,1
1893,告白预演系列,藤谷灯子,1
1894,机动防卫者Dowl Masters,佐岛勤,1
1895,真幌站前系列,三浦紫苑,1
1896,帕纳帝雅异谭,竹冈叶月,1
1897,流浪勇者与金币共舞(放浪勇者与金币共舞),村崎幸也,1
1898,F级的暴君,御影瑛路,1
1899,政宗君的复仇,竹冈叶月,1
1900,王者英雄战记,稻叶义明,1
1901,noesis虚假的记忆物语,cutlass,1
1902,渣渣捡了圣剑的结果,くさかべかさく,1
1903,GE GoodEater,新木伸,1
1904,假想领域的极乐世界,上智一麻,1
1905,双星的异端骑士,空野一树,1
1906,魔女的绝对道德,森田季节,1
1907,军师无所不知,タンバ,1
1908,第8号学生食堂少女,石原宙,1
1909,千变万化的交错连锁,刈野ミカタ,1
1910,天才程式少女(你好，世界—Hello World—),仙波ユウスケ,1
1911,地狱公主与王族召唤师,百濑ヨルカ,1
1912,神兵编年史 Chronicle Legion,丈月城,1
1913,说谎的天使死了！,叶巡明治,1
1914,陆与千星～发送世界的少年与别墅的少女～,野村美月,1
1915,枪械魔法异战,长田信织,1
1916,世界末日的世界录,细音启,1
1917,我在周末与龙冒险,星见圭,1
1918,鲜血妖精,藤原佑,1
1919,果冻日和,森田季节,1
1920,我的生存意义,赤月驱矢,1
1921,方舟九号 ARK NINE,安井健太郎,1
1922,GOD WORLD,吉村夜,1
1923,音韵织成的召唤魔法,真代屋秀晃,1
1924,回忆当铺,吉野万理子,1
1925,和果子的杏,坂木司,1
1926,夜魔-怪-,甲田学人,1
1927,无可挑剔的恋爱喜剧(让人无法抱怨的爱情喜剧),铃木大辅,1
1928,CROSS WIZARD 魔术都市与虚伪假面,しきや,1
1929,异世界魔王与召唤少女的奴隶魔术(异界魔王与召唤少女的奴隶魔术),村崎幸也,1
1930,路克斯·索利斯的侦探军师,是钟龙二,1
1931,进化果实 不知不觉踏上胜利的人生,美红,1
1932,超完美小说家培育法,野崎窗,1
1933,幽落町妖怪杂货店,苍月海里,1
1934,神历的外典,青山あまら,1
1935,十二星座的魔女 ZODIAC WITCHES,朱门优,1
1937,魔法重装座敷童子的简单杀人妃新婚生活(某魔法的重装座敷童子的简单的杀人妃的婚前准备),镰池和马,1
1938,来到异世界迷宫都市的我成了治愈魔法师,幼驯じみ,1
1939,咨询社的大小姐喜欢求钉问铆！？,海原三吾,1
1940,Life Alive！,朝野始,1
1941,夜魔-奇-,甲田学人,1
1942,问题儿童的最终考验(Last Embryo),龙之湖太郎,1
1943,八男？别闹了！,Y.A,1
1944,山手线死亡游戏,藤达利欧,1
1945,愧疚游戏的制作方法,荒川工,1
1946,弹丸论破 雾切,北山猛邦,1
1947,Hundred百武装战记,箕崎准,1
1948,魔法之子,入江君人,1
1949,后宫乐园棒球(后宫乐园球场),石川博品,1
1950,五彩斑斓的未来,漆原雪人,1
1951,超人计划,泷本龙彦,1
1952,出包王女 DARKNESS Little Sisters,若月光,1
1953,中古货也想谈恋爱！(中古也要谈恋爱！),田尾典丈,1
1954,[韩轻]反逆骑士的圣女篡夺,崔智寅,1
1955,新世界 a new world,长野真弓,1
1956,败犬之牙FANG OF UNDERDOG,朝浦,1
1957,搭乘者科的最下生,志木谦介,1
1958,闪电公主的怪兽王,小川淳次郎,1
1959,奇幻☆怪盗？(怪影*幻象),松智洋,1
1960,诱,松浦达摩,1
1961,轻飘飘少女从天而降,入间人间,1
1962,那是超高率的莫查子喔！,丹羽春信,1
1963,神圣懒鬼的冒险,森见登美彦,1
1964,圣树之国的禁咒使,筱崎芳,1
1965,终极反英雄,海空陆,1
1966,绯弹的亚莉亚AA(绯弹的亚里亚AA),赤松中学,1
1967,我的复仇将打倒所有女主角！,八剃玉造,1
1968,一鬼夜行,小松艾梅儿,1
1969,圣彼得的送葬队伍,宫部美雪,1
1970,我的怪物眷族,日暮眠都,1
1971,明治妖怪摩登记,畠中惠,1
1972,月族,今村恭子,1
1973,欢迎来到实力至上主义的教室,衣笠彰梧,1
1974,金钱＆智慧,稲波翔,1
1975,夏洛尔的管乐队,是钟リュウジ,1
1976,迷途英雄的异世界召唤,河端ジュン一,1
1977,Lateral～水平思考推理的天使～,乙野四方字,1
1978,实现网游废恶魔的请求吧,初心音コマ,1
1979,所罗门的伪证,宫部美雪,1
1980,战斗面包师与机械看板娘(战斗面包屋和机械看板娘),SOW,1
1981,那么，来攻略异世界吧,冈崎登,1
1982,隐匿的存在,岩关昂道,1
1983,哆啦A梦小说 大雄与铁人兵团,濑名秀明,1
1984,巴哈姆特之怒 腐朽的黑色龙鳞,ゆうきりん,1
1985,狗与魔法的奇幻世界,田中罗密欧,1
1986,最初物语,宫部美雪,1
1987,贪婪的我与魔法书,北国ばらっど,1
1988,军武宅转生魔法世界，靠现代武器开军队后宫!?,明镜シスイ,1
1989,玉子爱情故事,一之濑六树,1
1990,SAO刀剑神域外传 Gun Gale Online,时雨泽惠一,1
1991,懒洋洋寝猫的怠惰侦探帖,舞阪洸,1
1992,血腥武器,筑地俊彦,1
1993,华氏9999,朝仓勋,1
1994,异世界拉皇探求者,西表洋,1
1995,横滨地下城,瀬尾つかさ,1
1996,光刃魔王与月影少女军师,桜崎あきと,1
1997,濒临绝种的左眼龙王,千月さかき,1
1998,勇者的师傅大人,三丘洋,1
1999,铃酱NOW！SSs,sezu,1
2000,海波家的付丧神,淡路帆希,1
2001,Dark Lord,十月ユウ,1
2002,第99位吸血姬,サイトウケンジ,1
2003,精灵幻想记,北山结莉,1
2004,英雄传说 闪之轨迹~心灵交错~,草薙アキ,1
2005,独立学园国家的召唤术科生,镜银钵,1
2006,春夏推理事件簿,初野晴,1
2007,我的文艺社里不可能会有BITCH(我的文艺部里不可能会有bitch),赤福大和,1
2008,二线级Love Story,持崎汤叶,1
2009,废材与金币的库洛迪亚(废物与金币的qualidea),相乐总 渡航,1
2010,雪翼的芙莉吉亚,松山刚,1
2011,怪物x少女,浅仓イネ,1
2012,白蝶记—怎样才能冲破牢狱，如何让你重拾笑容—,るーすぼーい,1
2013,少女王子与魔兽骑士,柊游马,1
2014,我家的巫女最可爱！,早矢冢かつや,1
2015,不哭不哭，痛痛飞走吧,三秋缒,1
2016,APRICOT RED 变态艺闻录,北国ばらっど,1
2017,如果有妹妹就好了(要是有个妹妹就好了),平坂读,1
2018,欢迎来到外星人村,松屋大好,1
2019,CTG-从零开始养育电脑少女,玩具堂,1
2020,伊奇西亚诺战物语 黑狼卿与天眼军师,凤乃一真,1
2021,伊青之春的所有,庵田定夏,1
2022,欢迎来到最终迷宫,周防司,1
2023,世界第二有趣的轻小说,石原宙,1
2024,假面骑士龙骑(假面骑士系列三),井上敏树,1
2025,谁说尼特族在异世界就会认真工作?(以为到了异世界neet就会工作吗?),刈野ミカタ,1
2026,折断的龙骨,米泽穗信,1
2027,飞翔吧！战机少女,夏海公司,1
2028,这尊情趣娃娃是我的妹妹吗？,芦屋六月,1
2029,杀龙的军师 ~某欺诈师的英雄谭~,羽田辽亮,1
2030,Bitch女友与清纯的她,绫野阳一,1
2031,诅咒,甲田学人,1
2032,我想吃掉你的胰脏(我想吃了，你的胰脏),住野夜,1
2033,终结的炽天使 吸血鬼米迦尔物语,镜贵也,1
2034,没路用的魔兽炼磨师,见波タクミ,1
2035,就算明天见不到今天的你(明天，即便不能与今天的你相见),弥生志郎,1
2036,实境网游VRMMO的课金无双,鰤/牙,1
2037,东池袋迷途猫(东池袋的流浪猫),杉井光,1
2038,大正空想魔法夜话 坠落少女异种灭绝,岬鹭宫,1
2039,魔女狩猎的谢幕欢呼,纸城境介,1
2040,在异世界开拓第二人生,まいん,1
2041,英雄失格,更伊俊介,1
2042,迷宫都市的古董商店,大场鸠太郎,1
2043,怪盗同盟！,岬かつみ,1
2044,死体泥棒(窃尸贼),唐边叶介,1
2045,忘却侦探系列(掟上今日子的备忘录),西尾维新,1
2046,黑暗骑士不可脱(不要脱人家的暗黑骑士啦),木村心一,1
2047,绿阳探求士的叙情诗,相泽沙呼,1
2048,怕寂寞的萝莉吸血鬼,相乐总,1
2049,在废墟中乞求,佐佐木让,1
2050,无法施展魔力的魔术师,高梨ひかる,1
2051,听说桐岛退社了,朝井辽,1
2052,那年夏天，你打来的电话,三秋缒,1
2053,苍钢的冒渎者,榊一郎,1
2054,放学后默示录,杉井光,1
2055,该出场了！辉夜大人,逢空万太,1
2056,Eirun Last Code~自架空世界至战场~,东龙乃助,1
2057,天久鹰央的推理病历表,知念实希人,1
2058,北纬四十三度的神话,浅仓卓弥,1
2059,海鸥食堂,群阳子,1
2060,女骑士小姐，我们去血拼吧！,伊藤ヒロ,1
2061,创神与丧神的召唤之战(创神与丧神的magius),三田诚,1
2062,外挂药师的异世界之旅,赤雪トナ,1
2063,金属球棒少女,ちゅーばちばちこ,1
2064,弗雷姆王国兴亡记,疏陀阳,1
2065,末日时在做什么？有没有空？可以来拯救吗？,枯野瑛,1
2066,骸骨骑士大人异世界冒险中,秤猿鬼,1
2067,代号D机关(鬼牌游戏),柳广司,1
2068,英雄教室,新木伸,1
2069,聆听陌生电影的原声带,竹宫悠由子,1
2070,乌贼川市系列,东川笃哉,1
2071,山羊岛的蓝色奇迹,多利安助川,1
2072,超饱和的次代勇者～失去勇者资格的少年～,物草纯平,1
2073,CHAOS；CHILD 某情弱的记录,藤井三打,1
2074,在监狱学校当看门守卫,古宫九时,1
2075,游泳社的女生比率太高，我输给诱惑了,三叶,1
2076,我被召唤到魔界成为家庭教师！？,鹫宫だいじん,1
2077,深夜烘焙坊,大沼纪子,1
2078,异世界拷问姬,绫里惠史,1
2079,这才是神父的真面目,城道コスケ,1
2080,平凡职业造就世界最强,白米良,1
2081,折断的圣剑与帝冠剑姬,川口士,1
2082,GAMERS电玩咖！,葵关南,1
2083,Y的纹章师,越智文比古,1
2084,哥布林杀手,蜗牛くも,1
2085,反恋主义同盟！,椎田十三,1
2086,Let’s Party来组队吧！,小金井ゴル,1
2087,因为被卷入赌命游戏，所以顺势把讨厌的人杀了,中田かなた,1
2088,神话传说英雄的异世界奇谭,奉,1
2089,我家有个地下城,天羽伊吹清,1
2090,WORLD TEACHER 异世界式教育特务,ネコ光一,1
2091,你与时钟系列,绫崎隼,1
2092,审稿男孩和投稿女孩,野村美月,1
2093,封神演戏,森田季节,1
2094,动手建造迷宫吧,渡良濑ユウ,1
2095,瓦尔哈拉的晚餐(瓦尔哈拉的晚饭),三镜一敏,1
2096,剪刀·石头·布,木村心一,1
2097,幻兽调查员,绫里惠史,1
2098,夜樱 吸血种狩猎行动(夜樱Vampanella),杉井光,1
2099,Aster girl（紫菀少女）,本知そら,1
2114,废线上的爱丽丝,マサト真希,1
2115,被称为勇者亦或是怪物的少女(勇者或是被称为怪物的少女),七泽またり,1
2116,铠甲公主物语(铠甲少女物语),叶村哲,1
2117,勇者与魔王的电击联盟,あごバリア,1
2118,带着智慧型手机闯荡异世界,冬原パトラ,1
2119,我的宠物是圣女大人,ムク文鸟,1
2120,剑士＆魔术师 霸剑皇帝与七星姬骑士,柑橘ゆすら,1
2121,异世界料理道,EDA,1
2122,魔法电脑战机,镰池和马,1
2123,千年战争Aigis 月下的花嫁,ひびき游,1
2124,秋叶原迷宫~小小的前辈与小小的旅行~,マホ,1
2125,月界金融末世录,支仓冻砂,1
2126,我就是要玩TRPG！异端法庭闪边去,おかゆまさき,1
2127,无气力英雄谭,津田彷徨,1
2128,抽下去吧！课金女武神希尔德小姐,日の原裕光,1
2129,忍者与龙究竟谁比较强,伊达康,1
2130,那样的世界毁掉算了─Qualidea Code─,相乐总,1
2131,为了拯救世界的那一天─Qualidea Code─(为了终有一天能拯救世界),橘公司,1
2132,瓶颈,米泽穗信,1
2133,妖怪旅馆营业中,友麻碧,1
2134,落樱缤纷,宫部美雪,1
2135,碧蓝幻想,はせがわみやび,1
2136,魔法药水救救我,岩船晶,1
2137,必胜迷宫的经营方法,雪だるま,1
2138,OBSTACLE Series 激战的魔女之夜,川上稔,1
2139,遗落的公主与圆桌骑士,石田里奈,1
2140,企业☆女孩,神代创,1
2141,圣葛罗莉安娜女学园的战斗轨迹,铃木贵昭,1
2142,镰池和马短篇集,镰池和马,1
2143,超人高中生们即便在异世界里也能从容生存,海空陆,1
2144,DEEMO-LastDream-,木尔チレン,1
2145,距离太近，关系太远的十七岁(十七岁的他们，如此接近又如此遥远),久远侑,1
2146,少女编号,渡航,0
2147,29岁单身汉在异世界想自由生活却事与愿违！？,リュート,1
2148,MONSTER DAYS,扇友太,1
2149,火焰少女,星空流星,1
2150,魔兽调教师 茨卡伊·J·马克劳德的事件录｛兽之王如是说｝,绫里惠史,1
2151,狼与羊皮纸：狼与辛香料新说,支仓冻砂,1
2152,熊熊勇闯异世界,くまなの,1
2153,七罪之旅,和泉弐式,1
2154,夏日时分的吸血鬼,石川博品,1
2155,未来／咖啡，她的恋爱,千岁绫,1
2156,粗点心战争 另一个暑假,逢空万太,1
2157,Steins；Gate命运石之门 线性拘束的镶嵌性,海法纪光,1
2158,Legend 魔兽师传说,神无月红,1
2159,刺客守则(暗杀者的慈悲),天城ケイ,0
2160,美少女花骑士,是钟リュウジ,1
2161,尚未开始的末日战争与我们那已经结束的青春闹剧,王雀孙,1
2162,重生,朝井辽,1
2163,妹妹人生(妹与日),入间人间,1
2164,城姬Quest,五十岚雄策,1
2165,今天开始靠萝莉吃软饭！(从今天起我就是萝莉的小白脸！),晓雪,1
2166,异世界超商繁盛记,新木伸,1
2167,鬼灵精行商人缇特可,井上树,1
2168,魔学霸王与科法枪姬,きなこもちづき,1
2169,转生鬼神浪漫谭,蓝藤游,1
2170,成为魔导书作家吧！,岬鹭宫,1
2171,神圣编年史,御子神零,1
2172,沃特尼亚战记,保利亮太,1
2173,由终焉起始的魔导机书,水月纱鸟,1
2174,学年第一的千金大小姐在1年内成绩大幅下滑变成辣妹,朝野始,1
2175,异世界药局,高山理図,1
2176,喜欢本大爷的竟然就你一个？(喜欢我的只有你),骆驼,1
2177,言叶之庭,新海诚,1
2178,野猫玛利,十文字青,1
2179,在异世界担任体能训练师,わかつきひかる,1
2180,杀戮兔女郎,江波光则,1
2181,其实，原本只要那样就好了,松村凉哉,1
2182,究极初心者,田尾典丈,1
2183,成为奴隶商人了in异世界,ルンパルンパ,1
2184,十字火焰,宫部美雪,1
2185,口吐宝石的少女,なみあと,1
2186,世界系列(纸透透琉的无垢世界),石川ノボロヲ,1
2187,转生魔王的异世界悠闲生活,なめこ印,1
2188,境界迷宫与异界魔术师,小野崎えいじ,1
2189,第二次的夏天，再也无法见面的你(第二次的夏天，无法再会的你),赤城大空,1
2190,和异世界少女的乡下生活,叶巡明治,1
2191,公爵千金是62岁骑士团长的嫩妻(公爵千金是骑士团长(62)的幼妻),笕千里,1
2192,与我定下契约吧，魔王陛下。,朝野始,1
2193,转生成蜘蛛又怎样！,马场翁,0
2194,用道具开外挂的奴隶后宫建国记,猫又ぬこ,1
2195,英雄都市的笨蛋们,朝浦,1
2196,我与巫女们的方阵轮舞,浜仓修,1
2197,堕落之王,槻影,1
2198,逆转召唤～全校被召唤到连隐藏设定我都了若指掌的异世界～,三河ごーすと,1
2199,异世界食堂,犬冢惇平,1
2200,骑士保母与怪兽幼儿园,神秋昌史,1
2201,终将成为神话的放学后战争,なめこ印,1
2202,等级封顶的最强剑圣女碧翠斯也有弱点(让最强也感到困扰的爆级剑圣女贝亚特莉切的弱点),镰池和马,1
2204,战华舞姬,岸根红华,1
2205,食戟之灵～Fratelli Aldini～,尹藤美智子,1
2206,键盘侦探小圈内,七尾与史,1
2207,海盗女王,皆川博子,1
2208,虐杀器官,伊藤计划,1
2209,向北。总有一天与你相会……(White Illumination前传),九头龙郁流,1
2210,和谐,伊藤计划,1
2211,尸者的帝国,伊藤计划,1
2212,一直注视着你的是堕天使,にゃお,1
2213,不受欢迎的我在5天内直到与女主角相遇为止,秋目人,1
2214,恋爱寄生虫,三秋缒,0
2215,世界尽头的圣骑士,柳野かなた,1
2216,少女不毕业,朝井辽,1
2217,可喜可贺，我进化成了美少女,和久井透夏,1
2218,青春期超感应,天泽夏月,1
2219,倾听你的颜色,小川晴央,1
2220,只要有趣就够了！发行累计6000万册──编辑工作目录,三木一马,1
2221,镰仓点心铺的死神,谷崎泉,1
2222,在神酒诊所干杯,知念实希人,1
2223,神的垃圾桶,入间人间,1
2224,再见龙生你好人生,永岛ひろあき,1
2225,探索无限的彼方,二ツ树五轮,1
2226,弑神英雄与七大誓约,ウメ种,1
2227,异世界魔物培育家～带着外挂悠哉养成中～,柑橘ゆすら,1
2228,治愈魔法的错误使用法～奔赴战场的回复要员,くろかた,1
2229,贤者之孙,吉冈刚,1
2230,七星的刻印使,凉暮皐,1
2231,86-不存在的战区-(86- Eighty Six -),安里アサト,1
2232,精灵、战车与我的日常,佐藤大辅,1
2233,荞麦面（好可爱）,つちせ八十八,1
2234,青春歌舞伎,榎田ユウリ,1
2235,四季之后4 cours after,水泽梦,1
2236,转生成自动贩卖机的我今天也在迷宫徘徊,昼熊,1
2237,赌博师从不祈祷(赌博师不会祈祷),周藤莲,1
2238,100圆商店职员穿梭至异世界的结果,宫元战车,1
2239,夜行,森见登美彦,1
2240,不要叫我哥哥好不好！,桐山成人,1
2241,公主骑士征服战争(姬骑士征服战争),深见真,1
2242,废柴以魔王之姿闯荡异世界 有时作弊一下的悠哉旅程,蓝敦,1
2243,柊木之痛,海津ゆたか,1
2244,欢迎来到异世界图书馆,三萩千夜,1
2245,昴宿七星(七星的昴星团),田尾典丈,1
2246,BEATLESS─没有心跳的少女─,长谷敏司,1
2247,为了女儿，我说不定连魔王都能干掉,CHIROLU,1
2248,Infinite Dendrogram 无尽连锁,海道左近,1
2249,异界转生强夺战(掠夺者 被掠夺者),mino,1
2250,魔法使的香草茶,有间カオル,1
2251,有如保镖的她口中所说的被虐生活日记,望月充っ,1
2252,超！异世界班级！！,空野一树,1
2253,Dragon Jager ～猎龙人赞歌～,井藤きく,1
2254,弱角友崎同学(弱势角色友崎君),屋久悠树,1
2255,魔女之旅,白石定规,1
2256,魔法使与我,十文字青,1
2257,非宅女友对我的H游戏感到兴致勃勃……,泷泽慧,1
2258,高贵魔女,南房秀久,1
2259,普通攻击是全体二连击，这样的妈妈你喜欢吗?(平A=两次全体攻击的老妈你喜欢吗?),井中だちま,0
2260,老公的JJ无法进来,こだま,1
2261,人造生命体与美丽新世界,绯月剃,1
2262,沟通障碍的我将交涉技能点满转生后的结果,朱月十话,1
2263,失落魔法·魔法新娘,藤原佑,1
2264,吾辈是欧克。女骑士还没出现。,内田俊,1
2265,圣断罪桃乐丝,十文字青,1
2266,为了扭转没落命运，迈向锻冶工匠之路,CK,1
2267,黑之召唤士,迷井豆腐,1
2268,吸血鬼／领主～君临的终焉贤王～,葛西伸哉,1
2269,精灵所爱的异世界不良少年,黑井へいほ,1
2270,当蠢蛋FPS玩家误闯异世界之时,地雷原,1
2271,今天城区依旧满是魔法案件,井上悠宇,1
2272,你在月夜里闪耀光辉(月下，有你绽放光芒),佐野彻夜,1
2273,我是忍者，也是OL,橘もも,1
2274,然后，没有你的九月来临了,天泽夏月,1
2275,迷途人生的寻味之旅,マサト真希,1
2276,田中的异世界称霸,ぐり,1
2277,致深爱你的那个我／致我深爱的每个你(致爱上你的唯一的我／致我所爱的全部的你),乙野四方字,1
2278,以我的能力创造开外挂的老婆们(在异世界解体技能后开挂新娘增加了),千月さかき,1
2279,苦甜危机！巧克力大骚动,星奏なつめ,1
2280,公爵千金的本领,澪亚,1
2281,复活后变成Lv1的朕为了活下去只好追求英雄少女了,ひびき游,1
2282,记忆使者,织守きょうや,1
2283,重生勇者面露冷笑，步上复仇之路,木冢ネロ,1
2284,关于人类是最强种族这件事,柑橘ゆすら,1
2285,我喜欢的妹妹不是妹妹(我喜欢的是妹妹但不是妹妹),恵比须清司,1
2286,灵感少女在盒中,甲田学人,1
2287,旅团粉碎机的那女孩如果被我已读无视了会露出什么表情呢,秀章,1
2288,魔王悬疑推理剧场 美女勇者遇害的真相,丹羽春信,1
2289,将爱拒于门外(家里蹲的弟弟),苇舟ナツ,1
2290,这是你与我的最后战场，或是开创世界的圣战(你与我最后的战场，亦或是世界起始的圣战),细音启,1
2291,少女妄想中,入间人间,1
2292,就让我们开演吧。,喜多见かなた,1
2293,血翼王亡命谭,新八角,1
2294,物语系列 Off Season(物语系列十三),西尾维新,1
2295,世界什么的怎样都好─Qualidea Code─,渡航,1
2296,剑风传奇之火龙骑士,深见真,1
2297,叛逆的无畏少女,岩田洋季,1
2298,掌心之恋与世界的王女们,岩田洋季,1
2299,S与S的无赖同盟,野村美月,1
2300,虹色异星人,入间人间,1
2301,美少女乃求斩之道,入间人间,1
2302,境域的伟大秘法(境域的Ars Magna),绘户太郎,1
2303,目标是与美少女作家一起打造百万畅销书!!(与美少女作家以百万销量为目标),春日部武,1
2304,最强冒险小队因烂透爱情喜剧而全灭了啦!?(最强小队因遗憾的爱情喜剧要遭至团灭!?),镜游,1
2305,杀戮的天使,木尔チレン,1
2306,Re:Stage！,team yoree.,1
2307,致 十年后的你,天泽夏月,1
2308,银汤匙,中勘助,1
2309,转生就是剑(转生成为魔剑),棚架ユウ,1
2310,烟花,大根仁,0
2311,末日时在做什么？能不能再见一面？,枯野瑛,1
2312,转生成女性向游戏只有毁灭END的坏人大小姐(转生恶役只好拔除破灭旗标),山口悟,1
2313,幸福两家同居计划 妖精的故事,五十岚雄策,1
2314,童话魔法使(原书·原书使),松智洋,1
2315,魔女青春推理事件簿,相泽沙呼,1
2316,弹丸论破十神,佐藤友哉,1
2318,车站里的神明大人,峰月皓,1
2319,Lady!? Steady，GO!!,井上坚二,1
2320,看不见的她所追寻的事物,雾友正规,1
2321,闪偶大叔与幼女前辈,岩泽蓝,1
2322,心灵代码 Qualidea Code,渡航,1
2323,让笨蛋登上舞台吧！(为那个笨蛋也打上脚灯！),昼熊,1
2324,THE NEW GATE,风波しのぎ,1
2325,七日间的幽灵，第八日的女友,五十岚雄策,1
2326,Alone Together,本多孝好,1
2327,靠神兽们成为世界最强吧(和神兽（我）们在一起的话说不定能变成世界最强哟？),福山阳士,1
2328,从末日开始的世界延命法,秋月煌介,1
2329,Fine Days 昨日重现,本多孝好,1
2330,物语系列 Monster Season(物语系列十四),西尾维新,1
2331,放学后，到异世界咖啡厅喝杯咖啡(放学后的异世界咖啡馆),风见鸡,1
2332,吹响吧！上低音号,武田绫乃,1
2333,冰冷的臭氧,唐边叶介,1
2334,蒂菠妮雅不动产,山贝エビス,1
2335,迷幻魔域Ecstas Online,久慈政宗,1
2336,死相学侦探,三津田信三,1
2337,SAO刀剑神域外传 Clover’s regret,渡濑草一郎,1
2338,不法辩护人,师走透,1
2339,八月的尾声，宛如世界末日。(八月的终点，定与世界的终末相似),天泽夏月,1
2340,与精灵新娘携手展开异世界领主生活,鹫宫だいじん,1
2341,神话大战吉尔伽美什骑士,翅田大介,1
2342,三千世界的英雄王,壱日千次,1
2343,Just Because！,鸭志田一,1
2344,就算只是虚情假御也没关系,渡边恒彦,1
2345,没有英雄的世界要靠最终头目们,柳实冬贵,1
2346,只要长得可爱，即使是变态你也喜欢吗？,花间灯,1
2347,14岁与插画家,村崎幸也,1
2348,七日的喰神,カミツキレイニー,1
2349,你我之间的15公分(我与你间的十五厘米),合作,1
2350,唯一的心愿,入间人间,1
2352,香魅堂奇谭,羽根川牧人,1
2353,薇尔莉特·伊芙加登(紫罗兰永恒花园),晓佳奈,1
2354,无属性魔法的救世主,武藤健太,1
2355,凶手就是你？,黑沼升,1
2356,女孩不会对完美恋爱怦然心动的三个理由,土桥真二郎,1
2357,她是否一人独行？Does She Walk Alone?,森博嗣,1
2358,原来我家是魔力点~只是住在那里就变成世界最强~,あまうい白一,1
2359,妖怪公主渴望爱,岸根红华,1
2360,莲见律子的推理交响乐 比翼的威尼斯船歌,杉井光,1
2361,可以读档的旅店～听说能力值满点的转生冒险者在旅店开始培育新人～,稻荷龙,1
2362,不需要现代魔法的魔术师 和女仆一同开创第二次传说,三河ごーすと,1
2363,底层剑士与神兽〈女儿〉的日常生活,番棚葵,1
2364,壁橱中的地下城创造,からて,1
2365,魔王筑城记！～最强迷宫是近代都市～,月夜泪,1
2366,通往乐园的廉正之路,野村美月,1
2367,DATE A BULLET赤黑新章,东出佑一郎,1
2368,死党角色很难当吗？(朋友角色很难当吗),伊达康,1
2369,黄昏街不杀生的暗杀者,寺田海月,1
2370,虎鲸少女横扫异世界,にゃお,1
2371,剑魔剑奏剑圣剑舞,嬉野秋彦,1
2372,SE-X神秘档案,五十岚雄策,1
2373,支配异世界的技能掠夺者～从零开始建造奴隶后宫～,柑橘ゆすら,1
2374,玉高社交舞社欢迎您,三萩千夜,1
2375,ROBOTICS；NOTES 机器人笔记：濑乃宫美纱希的未发表手记,海法纪光,1
2376,与佐伯同学同住一个屋檐下 I＇ll have Sherbet！,九曜,1
2377,异世界迷宫最深部为目标,割内タリサ,1
2378,幼女大人与零级守护者大人(幼女大人和零级守护者大人),すかぢ,1
2379,Chaos；Child Children＇s revive,梅原英司,1
2380,Realia大地女神传说,雪乃纱衣,1
2381,刮掉胡子的我与捡到的女高中生(剃须。然后捡到女高中生),しめさば,0
2382,北野坂侦探舍,河野裕,1
2383,机甲狩龙幻想战记,内田弘树,1
2384,AX杀手系列作,伊坂幸太郎,1
2385,武士狂躯 樱花杀阵,九冈望,1
2386,曾几何时的天空、你与我的魔法,藤宫カズキ,1
2387,三国破谭,波口まにま,1
2388,为所欲为的前勇者再度转生，开始强大而愉快的第二轮游戏,新木伸,1
2389,初恋 伤停补时,仁科裕贵,1
2390,贤者大叔的异世界生活日记,寿安清,1
2391,圣女魔力无所不能,橘由华,1
2392,钱进战国雄霸天下,Y.A,1
2393,早安，愚者。晚安，我的世界,松村凉哉,1
2394,残缺都市的机械月姬,永菜叶一,1
2395,汤之国的公主,樋口直哉,1
2396,练好练满！用寄生外挂改造尼特人生！？,伊垣久大,1
2397,金钱在败者手中流转(钱为败者所有之物),玖城ナギ,1
2398,一击绝顶除灵,赤城大空,1
2399,无罪之红,渡井亘,1
2400,就算身为最后的人类,庵田定夏,1
2401,百万王冠,龙之湖太郎,1
2402,拥有超常技能的异世界流浪美食家,江口连,1
2403,献上我的青春，拨开你的浏海,凪木エコ,1
2404,读者与主人公以及这两人之后,岬鹭宫,1
2405,四月是你的谎言 六人的练习曲,时海结以,1
2406,归宅战争,鬼火あられ,1
2407,比方说，这是个出身魔王关附近的少年在新手村生活的故事,サトウとシオ,1
2408,爱好谜题的少女,濑川コウ,1
2409,吸血鬼姐与丧尸妹系列,镰池和马,1
2410,英雄转世为英雄之女目标再度成为英雄(重生英雄之女的英雄立志再度成为英雄),镝木辽,1
2411,涡森今日子对宇宙不抱有期待,最果夕日,1
2412,便利店人间,村田沙耶香,1
2413,圣者无双～上班族、在异世界的存活之道,ブロッコリーライオン,1
2414,助攻角色怎么可能会有女朋友(援助型角色怎么可能会有女朋友嘛),はむばね,1
2416,满愿,米泽穗信,1
2417,边境的老骑士,支援BIS,1
2418,你好哇，暗杀者,大泽めぐみ,1
2419,战斗员派遣中(派遣战斗员),晓夏目,1
2420,另一段生命(另一份生命),入间人间,1
2421,我的小规模自杀,入间人间,1
2422,LV999的村民,星月子猫,1
2423,不可恋爱游戏、被甩了仍旧倾心于你,七乌未奏,1
2424,午睡公主～不为人知的故事～,神山健治,0
2425,渣熊出没！蜜糖女孩请注意！,乌川さいか,1
2426,禁止出借！玉响妖怪图书馆,一石月下,1
2427,递回,米泽穗信,1
2428,小书痴的下克上～为了成为图书管理员不择手段～,香月美夜,1
2429,怎么可能在一起！不行！不行！我爱你！,内堀优一,1
2430,Moment,本多孝好,1
2431,她与我的末日旅行,司,1
2432,勇者无犬子,和原聪司,1
2433,加入年轻人敬而远之的黑魔法公司，没想到工作待遇好，社长和使魔也超可爱，太棒了！,森田季节,1
2434,异世界悠闲农家,内藤骑之介,1
2435,请问您的胖次需要加热吗？,石山雄规,1
2436,努力过头的世界最强武斗家，在魔法世界轻松过生活,わんこそば,1
2437,未来的未来,细田守,0
2438,Cheers!爱的鼓励,赤松中学,1
2439,月神与兔女的绯色记事,徒野けんしん,1
2440,希望庄,宫部美雪,1
2441,持续狩猎史莱姆三百年，不知不觉就练到LV MAX,森田季节,1
2442,AI恋爱模拟游戏,土桥真二郎,1
2443,现实主义勇者的王国重建记,どぜう丸,1
2444,silentworld,ごぉ,1
2445,明天，我要和昨天的你约会,七月隆文,1
2446,终将坠入爱河的Vivi Lane,犬村小六,1
2447,Beruf系列,米泽穗信,1
2448,通过扭蛋增加同伴 建立最强美少女军团,ちんくるり,1
2449,因为不是真正的伙伴而被逐出勇者队伍，流落到边境展开慢活人生,ざっぽん,1
2450,非自愿的不死冒险者,丘野优,1
2451,「凭你也想讨伐魔王？」被勇者小队逐出队伍，只好在王都自在过活(你这种家伙别想打赢魔王),kiki,1
2452,突西亚战记 十二骑士团的反叛军师,大黑尚人,1
2453,与你相约在未来的七月雪,五十岚雄策,1
2454,当时的某人,东野圭吾,1
2455,电气马戏团,唐边叶介,1
2456,世界之敌,细音启,1
2457,与折原临也一起系列,成田良悟,0
2458,书店的金狼,杉井光,1
2459,阳台的幸福滋味,竹冈叶月,1
2460,千年战争aigis 白之帝国篇,村崎幸也,1
2461,饲养温柔死神的方法,知念实希人,1
2462,灾厄战线的至高强者,日暮晶,1
2463,尼尔：自动人形,映岛巡,1
2464,无法成为神明的少女,入间人间,1
2465,宠溺任性可爱又病弱的她的方法,竹原汉字,1
2466,田中～年龄等于单身资历的魔法师～,ぶんころり,1
2467,被死神抚养的少女怀抱漆黑之剑,彩峰舞人,1
2468,里世界远足(里世界郊游),宫泽伊织,1
2469,浅草鬼妻日记,友麻碧,1
2470,爱原葻的秘密烦恼 如何战胜能暂停时间的超能力者？,雪瀬ひうろ,1
2471,带着外挂转生为公会柜台小姐,夏にコタツ,1
2472,异世界建国记,樱木樱,1
2473,※疼爱妹妹是编辑的第一要务。,弥生志郎,1
2474,为这个世界献上i,佐野彻夜,1
2475,爱上卡夫卡女孩,森晶麿,1
2476,幸存炼金术师的城市慢活记(幸存炼金术师想在城里静静生活),のの原兔太,1
2477,转生龙蛋~目标只有最强,猫子,1
2478,我们的重制人生,木绪なち,0
2479,救世主的命题,野村美月,1
2480,怕痛的我，把防御力点满就对了,夕蜜柑,1
2481,在大国开外挂，轻松征服异世界！,棹末高彰,1
2482,终将成为你 关于佐伯沙弥香(终将成为你 佐伯沙弥香的追忆),入间人间,1
2483,天才王子的赤字国家重生术(天才王子的赤字国家振兴术),鸟羽彻,1
2484,精灵、比基尼与机关枪！,神野奥那,1
2485,替身新娘的贵族生活,夕鹭かのう,1
2486,月与莱卡与吸血公主,牧野圭佑,1
2487,恋爱至上都市的双骑士,筱宫夕,1
2488,口是心非的冰室同学 从好感度100％开始的毒舌女子追求法,広ノ祥人,1
2489,把洗发精放在喜欢与讨厌之间,濑那和章,1
2490,让人想丢辞呈的魔法联盟,冰高悠,1
2491,天空之上的永恒约定,こがらし轮音,1
2492,在世界终焉的花园,入间人间,1
2493,老师的新娘是16岁的合法萝莉？,さくらいたろう,1
2494,废柴勇者下克上,藤川恵蔵,1
2495,交叉连结,久追遥希,1
2496,幸会，食人鬼。,大泽めぐみ,1
2497,我的快转恋爱喜剧,樫本燕,1
2498,听见未知的记忆,石井飒良,1
2499,恋爱必胜女神！,まほろ勇太,1
2500,只有我能进入的隐藏迷宫～低调锻炼化身世界最强～,濑户メグル,1
2501,被学生胁迫这事儿是犯罪吗？,相乐总,1
2502,舰队Collection 瑞之海，凤之空,村崎幸也,1
2503,透过机器人与你相恋,山田悠介,1
2504,妖精新娘,朝野始,1
2505,与你相伴直至腐朽未来,坊木椎哉,1
2506,横滨车站SF,柞刈汤叶,1
2507,二重身恋人,唐边叶介,1
2508,从同居开始的御宅族女友交往方法(从同居开始的宅女友养成方法),村上凛,1
2509,继母的拖油瓶是我的前女友,纸城境介,1
2510,三角的距离无限趋近零(三角距离无限为零),岬鹭宫,1
2511,图书迷宫,十字静,1
2512,有时间恋爱不如去抽卡！,杉井光,1
2513,寄宿学校的朱丽叶,望月唯一,1
2514,Babel,古宫九时,1
2515,房仲菜鸟的凶宅事件簿(在丸之内就职后成了幽灵房屋负责人),竹村优希,1
2516,魔王大人的究极飨宴,多宇部贞人,1
2517,为何我的世界被遗忘了？(为何无人记得我的世界？),细音启,1
2518,世界最强后卫～迷宫国的新人探索者～,とーわ,1
2519,打倒女神勇者的下流手段,笹木さくま,1
2520,结束10年家里蹲生活的我，一打开家里的大门……,坂东太郎,1
2521,失格纹的最强贤者～世界最强的贤者为了变得更强而转生了～,进行诸岛,1
2522,京都寺町三条商店街的福尔摩斯,望月麻衣,1
2523,转生为猪公爵的我，这次要向你告白(转生猪公爵，这次想说喜欢你),合田拍子,1
2524,堕天的狗神 -SLASHDOG-,石踏一荣,1
2525,天久鹰央的事件病历簿,知念实希人,1
2526,傻白甜女朋友你要吗？,七条刚,1
2527,七魔剑支配天下(七柄魔剑将其支配),宇野朴人,1
2528,史莱姆转生。大贤者成为精灵养女的宠物了,月夜泪,1
2529,女王的御用甜点师,野村美月,1
2530,神域的弒神者们,丈月城,1
2531,吞噬技能的英雄谭,浅叶ルウイ,1
2532,就算是中二病也没关系嘛！,翡翠ヒスイ,1
2533,报告！哥哥和我要结婚了！,塀流通留,1
2534,旧宫殿,三云岳斗,1
2535,蛋糕王子的名推理,七月隆文,1
2536,这个勇者明明超TUEEE却过度谨慎,土日月,1
2537,自称贤者弟子的贤者,りゅうせんひろつぐ,1
2538,死亡笔记 决战新世界,日下部匡俊,1
2539,自称恶役大小姐的婚约者观察记录,しき,1
2540,周末就要到来！啦啦啦终末论,入间人间,1
2541,本田小狼与我,トネ・コーケン,1
2542,我想成为影之强者(想要成为影之实力者),逢泽大介,1
2543,朋友以上侦探未满,麻耶雄嵩,1
2544,破碎的瞬间,竹宫悠由子,1
2545,自由人生～异世界万事通奋斗记～,気がつけば毛玉,1
2546,魔弹之王与冻涟的雪姬,川口士,1
2547,龙族娇妻爱撒娇,初美阳一,1
2548,被卷入了勇者召唤事件却发现异世界很和平,灯台,1
2549,魔术监狱的玛丽安,松山刚,1
2550,辉夜姬想让人告白(辉夜大小姐想让我告白),羊山十一郎,1
2551,看来我的身体天下无敌呢,ちゃつふさ,1
2552,靠废柴技能【状态异常】成为最强的我将蹂躏一切,筱崎芳,1
2553,躺着也中枪的异世界召唤记,结城ヒロ,1
2554,Hello，Hello and Hello,叶月文,1
2555,魔法师塔塔,うーぱー,1
2556,谁都可以暗中助攻讨伐魔王,槻影,1
2557,茶花女的纯真之歌,古宫九时,1
2558,食锈末世录,瘤久保慎司,1
2559,自称F级的哥哥似乎要称霸以游戏分级的学园？,三河ごーすと,1
2560,绝对不愿工作的地下城主想要一直睡懒觉,鬼影スパナ,1
2561,六号月台迎来春天，而你将在今天离去。,大泽めぐみ,1
2562,大和抚子向前冲！管它以后会怎样！,宫内悠介,1
2563,缠绕着我与死神（保镖）的黑之线,天野颂子,1
2564,谁是最强鉴定士？～吃饱喝足的异世界生活～,港濑つかさ,1
2565,魔术学园领域的拳王,下等妙人,1
2566,朋友的妹妹只缠着我(朋友的妹妹只喜欢烦我),三河ごーすと,1
2567,枪之勇者重生录,アネコユサギ,1
2568,我们不懂察言观色,镜银钵,1
2569,外挂级补师勇闯异世界迷宫！,dy冷冻,1
2570,掌中开拓村的异世界建国记,星崎昆,1
2571,创始魔法师,石之宫カント,1
2572,讨伐魔王之后不想出名，于是成为公会会长,朱月十话,1
2573,圣剑学院的魔剑使,志瑞佑,1
2574,古书堂事件手帖外传 小口同学与我的文现对战社活动日志,峰守ひろかず,1
2575,P.S.致对谎言微笑的你,田边屋敷,1
2576,被勇者队伍开除的驯兽师，邂逅最强种的猫耳少女,深山铃,1
2577,欢迎光临佛教学校,わかつきひかる,1
2578,三个我与四个她的双人游戏,比嘉智康,1
2579,周末冒险者,るうせん,1
2580,关于我在无意间被隔壁的天使变成废柴这件事(关于邻家的天使大人不知不觉把我惯成了废人这档子事),佐伯さん,1
2581,虽然稍微比我年长一点，但可以当我女友吗？,望公太,1
2582,西野～校内地位最底层的异能世界最强少年～,ぶんころり,1
2583,旋律、抒情、偶像、魔法,石川博品,1
2584,魔术学院第一名毕业的我成为冒险者，真有那么奇怪吗？,いかぽん,1
2585,千剑魔术剑士,高光晶,1
2586,魔王学院的不适任者,秋,1
2587,Fate Labyrinth,樱井光,1
2588,战斗医师 野口英雄,草木うしみつ,1
2589,梦魔·危机,镰池和马,1
2590,黑暗医院：消失的病患,知念实希人,0
2591,尼特威能称霸世界,百濑佑一郎,1
2592,你喜欢被可爱女生攻陷吗？,天乃圣树,1
2593,获得超弱技能「地图化」的少年跟最强队伍一起挑战迷宫,鸭野うどん,1
2594,汪汪物语～我说要当富家犬，没说要当魔狼王啦！～,犬魔人,1
2595,就算15岁也是我的新娘！,庵田定夏,1
2596,螺旋时空的迷宫,辻村七子,1
2597,15岁的恐怖分子,松村凉哉,1
2598,Dies irae～Song to the Witch～(神怒之日外传小说),藤井三打,1
2599,乃木坂明日夏的秘密,五十岚雄策,1
2600,那个大叔享受着第二轮的异世界生活,月夜泪,1
2601,天气之子,新海诚,0
2602,最终亚瑟王之战,羊太郎,1
2603,神乐剑舞的空中神域,千羽十讯,1
2604,劣等眼的转生魔术师 受虐的前勇者在未来世界从容生活,柑橘ゆすら,1
2605,直至七月的人生已到尽头,天泽夏月,1
2606,青涩的伤痛与脆弱,住野夜,1
2607,你的故事,三秋缒,1
2608,身为暗杀者的我明显比勇者还强,赤井祭,1
2609,我的女友是老师,镜游,1
2610,光之小说(light novel),泷本龙彦,1
2611,靠着魔法药水在异世界活下去！,FUNA,1
2612,熟悉的你与陌生的记忆,久远侑,1
2613,相对世界。明日终结？,樱木优平,1
2614,转生贵族的异世界冒险录,夜州,1
2615,转生异世界成为美少女城主,水城みなも,1
2616,耿直少年面对的青春不像恋爱喜剧那么甜,庆野由志,1
2617,莫名成为邪龙的五千岁草食龙,榎本快晴,1
2618,真恶魔高校DxD,石踏一荣,1
2619,YAKITORI,カルロ·ゼン,1
2620,别太爱我，孤狼不想开后宫。(我说你们也太喜欢我这个单身男了吧),凪木エコ,1
2621,极恶侦探,望公太,1
2622,在倒数计时中与你说再见,雾友正规,1
2623,数字拯救弱小国家！,长田信织,1
2624,神居书店,三萩千夜,1
2625,点满农民相关技能后，不知为何就变强了。,しょぼんぬ,1
2626,最强废渣皇子暗中活跃于帝位之争(最强出涸皇子的暗跃帝位争夺),タンバ,1
2627,书店柴柴的异色推理,牧野修,1
2628,等你回家的神明(神明系列),铃森丹子,1
2629,BLAZBLUE 苍翼默示录外传,驹尾真子,1
2630,Fate Requiem,星空流星,1
2631,数位伊甸 Digital Eden Attracts Humanity,棹末高彰,1
2632,在流星雨中逝去的你(令你逝去的流星雨),松山刚,1
2633,青梅竹马绝对不会输的恋爱喜剧,二丸修一,1
2634,全肯定奴隶少女:1次10分钟1000元,佐藤真登,1
2635,我的推是坏人大小姐(我推是反派大小姐),いのり。,1
2636,我预见明日逝去的你,古宫九时,1
2637,阿斯嘉特武皇战记,镜游,1
2638,女性向游戏世界对路人角色很不友好(乙女游戏世界对路人角色很不友好),三嶋与梦,1
2639,虽然不确定你会不会喜欢我，但是我有自信爱上你,铃木大辅,1
2640,我的骁勇威震天地 亚历克希斯帝国昌隆记,淡群赤光,1
2641,司波达也暗杀计划,佐岛勤,1
2642,黑猫小夜曲,知念实希人,1
2643,被吊销冒险者执照的大叔，与爱女一起歌颂悠闲人生,斧名田マニマニ,1
2644,史上最强大魔王转生为村民A,下等妙人,1
2645,死亡重生、为了拯救一切成为最强,shiryu,1
2646,被召唤到异世界的我不能做色色事情的理由,大城功太,1
2647,我与死神的七日间,苏之一行,1
2648,靠心理学的异世界后宫建国记,ゆうきゆう,1
2649,抽签赢得大奖：大开无双后宫,三木なずな,1
2650,女神大人降临！你以为这样就会变成非日常吗？,白河勇人,1
2651,处刑少女的生存之道,佐藤真登,1
2652,转生后的我成了英雄爸爸和精灵妈妈的女儿,松浦,1
2653,娇羞俏梦魔的得意表情真可爱。,旭蓑雄,1
2654,药师少女的独语,日向夏,1
2655,无法计算的青春,佐野彻夜,1
2656,看得见谎言的我，爱上了不说谎的你,樱井美奈,1
2657,镜之国的艾莉丝-SCP Foundation-,日日日,1
2658,Hello，DEADLINE,高坂はしやん,1
2659,齿轮驱动,かばやきだれ,1
2660,被虐的诺艾儿 Movement,诸口正巳,1
2661,相隔101米的爱恋,こまつ れい,1
2662,高崎涂鸦,古宫九时,1
2663,你喜欢有点色色又变态的公主殿下吗？,お鱼1号,1
2664,专业轻小说作家！,望公太,1
2665,幽冥宫殿的死者之王(昏暗宫殿的死者之王),槻影,1
2666,拂晓的天使,茅田砂胡,1
2667,同润会代官山公寓,三上延,1
2668,道别的方法，我不愿知晓,河野裕,1
2669,真·三国志妹,春日御影,1
2670,善良大叔转生走上SSS级人生,三木なずな,1
2671,宝贝，早安,河野裕,1
2672,从Lv2开始开外挂的前勇者候补过着悠哉异世界生活,鬼ノ城ミヤ,1
2673,现在、我讨厌你了,冰高悠,1
2674,少年给魔师与恋爱少女,御子神零,1
2675,漫画之神,苏之一行,1
2676,说出这边交给我你们先走以后十年过去成了传说。,えぞぎんぎつね,1
2677,即刻救世主,田山翔太,1
2678,理想的女儿是世界最强，你也愿意宠爱吗？,三河ごーすと,1
2679,直到杀了我最心爱的小说家为止,斜线堂有纪,1
2680,Everlasting,古宫九时,1
2681,前略。初恋的女孩，死而复生了。,天泽夏月,1
2682,零之大贤者,夏海ユウ,1
2683,我的老婆是兔耳少女！？,间宫夏生,1
2684,Thunderbolt Fantasy 东离剑游纪 外传,合作,1
2685,明日的世界将会星光灿烂(明日的世界星光闪耀),司,1
2686,驱魔学园的叛教者,三河ごーすと,1
2687,关于学园的女神大人不知为何一直赖在我家这档事,紫ユウ,1
2688,身为没朋友的死宅的我，不知不觉间就被学院内屈指可数的美少女们包围了，成为了人们口中的现充,ネコクロ,1
2689,冰川双子的生活,やもば,1
2690,最强的魔导士，膝盖中了一箭之后成为乡下的卫兵,えぞぎんぎつね,1
2691,Owa Rande！梦魔召唤！,神秋昌史,1
2692,谎言游戏(Liar·Liar),久追遥希,1
2693,虚构推理,城平京,1
2694,又做了，相同的梦,住野夜,1
2695,公主殿下貌似大发雷霆,八ツ桥皓,1
2696,优雅贵族的休假指南,岬,1
2697,黑锁姬芙洛莉卡,坂照铁平,1
2698,苍之彼方的四重奏–Fly me to your sky !–,渡辺僚一,1
2699,十二大战,西尾维新,1
2700,侦探已经，死了(侦探已经死了),二语十,1
2701,Steins；Gate命运石之门(剧场版小说),浜崎达也,1
2702,光明之风 公主们的冒险,加纳新太,1
2703,True Tears 真实之泪,藤本透,1
2704,TARI TARI~既是萌芽 又是照耀 不时歌唱~,桥本昌和,1
2705,让爱撒娇的大姐姐教官养我，是不是太超过了,神里大和,1
2706,异裤星人大作战,为三,1
2707,新世纪福音战士ANIMA,山下いくと,1
2708,夏日时光旅人 Summer／Time／Traveler,新城十马,1
2709,终末之图书馆,冬月いろり,1
2710,真传勇传·革命篇 堕落黑勇者的传说,镜贵也,1
2711,旅猫日记,有川浩,1
2712,地球星人,村田沙耶香,1
2713,异世界迷宫探索者,サカモト666,1
2714,再也不绑架了,东川笃哉,1
2715,Steins；Gate命运石之门 变移空间的八重奏,海法纪光,1
2716,神童勇者的女仆都是漂亮大姐姐!,望公太,1
2717,铁铲无双,つちせ八十八,1
2718,在海边医院对她说过的那些故事,石川博品,1
2719,最强公会长的一周建国记,井上みつる,1
2720,一房两厅三人行(1LDK与2JK),福山阳士,1
2721,佣兵团的伙房兵,川井昂,1
2722,华志摩同学,天宫伊佐,1
2723,恋爱的死神，与我遗忘的夏天,五十岚雄策,1
2724,扮演成渣勇的我，不知为何被last boss看上并在一起生活了！,らいと,1
2725,小恶魔学妹缠上了被女友劈腿的我(被前女友绿了的我，被小恶魔后辈缠上了),御宫ゆう,1
2726,七个时雨泽惠一 Seven sigsawa,合作,1
2727,我的青梅竹马山吹同学,道草よもぎ,1
2728,创约 魔法禁书目录,镰池和马,1
2729,绝不可能爱上你(和你恋爱什么，应该是不可能的),筏田桂,1
2730,里亚德录大地,Ceez,1
2731,孤单一人的异世界攻略,五示正司,1
2732,地狱幽暗亦无花,路生よる,1
2733,她的L～骗子们的攻防战～,三田千惠,1
2734,为了当剑士而入学，魔法天赋却高达9999！？,年中麦茶太郎,1
2735,从被子弹击中的战场消失吧-子弹魔法与亡灵程序-,上川景,1
2736,魔王陛下RETRY！(重来吧，魔王大人！),神埼黑音,1
2737,SSSS.GRIDMAN,水泽梦,1
2738,二十世纪电气目录,结城弘,1
2739,就算是有点色色的三姊妹，你也愿意娶回家吗？,浅冈旭,1
2740,Veildeman假说,西尾维新,1
2741,魔王学园的背叛者(魔王学园的反叛者),久慈政宗,1
2742,异世界贤者的转生无双 用游戏知识成为异世界最强,进行诸岛,1
2743,既然世界变成怪物横行 那只好随心所欲生活下去,よっしゃあっ！,1
2744,叛乱机械,ミサキナギ,1
2745,就只为表达宫本樱有多可爱而存在的小说,铃木大辅,1
2746,心中满是一旁的你,城崎,1
2747,她宣告到：已至毁灭之时,久我悠真,1
2748,终奏的莉芙莲 Refrain of Outro,物草纯平,1
2749,与你共度的第四次学园祭,天音マサキ,1
2750,异世界转生…才怪！,碳酸,1
2751,我们不可能成为恋人！绝对不行。(※似乎可行？)（我怎么可能成为你的恋人，不行不行！）,みかみてれん,1
2752,浴火之龙「沙罗曼达」的网路炎上事件簿,汀こるもの,1
2753,姐姐是剑圣妹妹是贤者,战记暗转,1
2754,夏天结束时，你一死就完美无缺,斜线堂有纪,1
2755,我喜欢的男孩，其实也是女孩,犬饲鲷音,1
2756,转生公主与天才千金的魔法革命(转生王女与天才千金的魔法革命),鸦ぴえろ,1
2757,公爵千金的家庭教师(公女殿下的家庭教师),七野りく,1
2758,摩登男女,结城弘,1
2759,毁灭魔导王与魔像蛮妃,北下路来名,1
2760,英雄霸道的狐巫女,岩山驱,1
2761,世界顶尖的暗杀者转生为异世界贵族,月夜泪,1
2762,黑猫的王手！,八奈川景晶,1
2763,重组世界Rebuild World,ナフセ,1
2764,悠闲VRMMO记,まぐろ猫＠恢猫,1
2765,我想告诉你十年份的『　』,天野中,1
2766,Genocide Online,たけのこ,1
2767,转生了的大圣女，拼死隐瞒自己身为圣女,十夜,1
2768,转生前是男的所以逆后宫容我拒绝,森下りんご,1
2769,转生成国王的私生子后，决定享受异世界生活！,るう,1
2770,最后再拜托您一件事可以吗,凤ナナ,1
2771,与僵尸并行 致我们已经彻底腐烂的青春,折辉真透,1
2772,好感度120%的北条同学似乎愿意为我做任何事……,本田セカイ,1
2773,野花通信(野野小花通信),三浦紫苑,1
2774,明明已经从最强职业《龙骑士》转职成初级职业《运货人》，不知为何仍然备受勇者们的信赖,天羽衣白一,1
2775,成为星星的少女,高山一实,1
2776,美少女忍者们偷窥了老师秘密的结果,镰池和马,1
2777,在这个世界中，与你再度相恋,望月くらげ,1
2778,罗德斯岛战记 誓约之宝冠,水野良,1
2779,等待彩虹的女孩,逸木裕,1
2780,反派千金等级99～我是隐藏头目但不是魔王～(恶役千金lv.99～我是隐藏BOSS但不是魔王～),七夕さとり,1
2781,众神眷顾的男人(被神捡到的男人),Roy,1
2782,Shadow Taker:黑之彼方,三上延,1
2783,垃圾游戏 online(暂定),つちせ八十八,1
2784,弹珠汽水瓶里的千岁同学,裕梦,1
2785,乐园NOISE(乐园杂音 Paradise NoiSe),杉井光,1
2786,身为前贵族大小姐兼未婚妈妈，女儿们太可爱了就算当冒险者也一点都不辛苦,大小判,1
2787,魔弹之王与圣泉的双纹剑,濑尾つかさ,1
2788,将放言说不会输的高颜值女孩，全力征服的百合故事,みかみてれん,1
2789,知道天空有多蓝的人啊 Alternative Melodies,岬鹭宫,1
2790,没有做完的告别作业,小川晴央,1
2791,回答我吧！关于学长的100个问题(我所不知道的前辈的一百件事),兔谷あおい,1
2792,家里蹲吸血姬的郁闷(家里蹲吸血姬的苦闷),小林湖底,1
2793,水木繁子同学与我被红线紧紧相系,真坂マサル,1
2794,欢迎来到日本，妖精小姐,まきしま铃木,1
2795,舞铲幼女与魔眼王,丁々发止,1
2796,魔法★探险家 转生为成人游戏万年男二又怎样，我要活用游戏知识自由生活(奇幻探险者),入栖,1
2797,书与钥匙的季节,米泽穗信,1
2798,项羽小姐与刘邦先生,春日御影,1
2799,恶魔×胆小鬼 勇气灵魂,橘ぱん,1
2800,在异世界与黑精灵妻子轻松开拓黑暗大陆,斧名田マニマニ,1
2801,终焉的新娘(终焉之花嫁),绫里惠史,1
2802,理组的她，勾引人的技巧实在笨拙得可爱,长田信织,1
2803,冰剑的魔术师将会统一世界,御子柴奈奈,1
2804,魔导骇客》暴露吧，魔法的脆弱性,镰池和马,1
2805,我那转生成魔导少女的双剑实在太优秀了,岩波零,1
2806,与勇者的你再一次由此开始,みかみてれん,1
2807,魔帚学院,逢空万太,1
2808,妖怪变奏曲,三云岳斗,1
2809,寻找回忆的侦探们,镝木莲,1
2810,怪兽娘～奥特怪兽拟人化计划～,谷崎央佳,1
2811,HELLO WORLD if ─世上最初的失恋者勘解由小路三铃─,伊濑ネキセ,1
2812,将这股温度称为你(我会将这份温暖称为你),悠木凛,1
2813,美少年系列(美少年侦探团),西尾维新,1
2814,时间,镜花,1
2815,同班同学成了我的使魔,鹤城东,1
2816,间谍教室,竹町,1
2817,猪肝记得煮熟再吃(好歹把猪肝热一下啊！),逆井卓马,1
2818,碧蓝航线 Episode of Belfast,助供珠树,1
2819,从转生精灵开始的异世界开挂建国记,月夜泪,1
2820,被女神骗到异世界的我展开后宫生活,回复师,1
2821,全班都被召唤到异世界去，只有我被留下来,サザンテラス,1
2822,堕女神尤莉丝,北泽庆,1
2823,学园都市OF THE DEAD,三河ごーすと,1
2824,生存游戏GO!!,朝浦,1
2825,从毁婚开始的反派千金监狱慢活人生,山崎响,1
2826,因想当冒险者而前往大都市的女儿已经升到了S级,门司柿家,1
2827,你其实是喜欢我的对吧？,望公太,1
2828,降樱的小镇,小川晴央,1
2829,从本能寺开始与信长统一天下,常陆之介宽浩,1
2830,CHiLD 来自境界的降临者,箕崎准,1
2831,VRMMO学园快乐魔改造推荐方案,ハヤケン,1
2832,冰川老师想交个宅宅男友,筱宫夕,1
2833,圣语皇弟与魔剑骑士公主～苍雪记事～,春楡遥,1
2834,勇者以想要成为朋友的视线看了过来！,机村械人,1
2835,欢迎光临流放者食堂！,君川优树,1
2836,克罗洛战记,サイトウアユム,1
2837,虽然我是注定没落的贵族 闲来无事只好来深究魔法,三木なずな,1
2838,我们的重制人生 ver.β,木绪なち,1
2839,御徒町辉夜姬骑士团,浅原ナオト,1
2840,最强奴隶商的烙印魔术与美少女的堕落,初美阳一,1
2841,女高中生小春在异世界成为娼妓summer,平鸟コウ,1
2842,在异世界享受慢活(愿望),シゲ,1
2843,连续按下一亿年按钮的我，回神时已变成最强,月岛秀一,1
2844,堤亚穆帝国物语 从断头台开始，公主重生后的逆转人生,饼月望,1
2845,乃木若叶是勇者(勇者部系列三),朱白あおい,1
2846,破魔阴阳师的复仇术法,子子子子子子子,1
2847,小狐狸们开饭啰！,松幸果步,1
2848,你喜欢的不是女儿而是我!?(喜欢的不是女儿，而是我吗！？),望公太,1
2849,和没有信徒的女神大人一起攻略异世界(与信徒为零的女神大人开始的异世界攻略),大崎アイル,1
2850,晚上九点，阳台对面的女神学姐只属于我,岩田洋季,1
2851,怕寂寞的春霞同学,鶏卵うどん,1
2852,我们真的学不来！,はむばね,1
2853,魔导具师妲莉亚永不妥协～从今天开始的自由职人生活～,甘岸久弥,1
2854,神铠猎机布利冈德,榊一郎,1
2855,刀使巫女 琉球剑风录,朱白あおい,1
2856,MORTE ─水葬之少女─,缥けいか,1
2857,等级0的魔王大人，在异世界展开冒险者生活,瑞智士记,1
2858,你在这里，能呼吸吗？,竹宫悠由子,1
2859,无尽黑夜的碎片~那天没能说出口的再见，对你,青海野灰,1
2860,梅蒂亚转生物语,友麻碧,1
2861,拥有超弱技能「不起眼」的公会职员，其实是传说中的暗杀者,谦之字,1
2862,今晚即便被你杀了,濑川コウ,1
2863,异修罗,珪素,1
2864,轮回第7次的坏人大小姐，在原本的敌国自由自在地享受新娘生活(轮回第7次的反派千金),雨川透子,1
2865,死老百姓靠抽卡也能翻转人生,川田两悟,1
2866,正在成长中的学生意外地很有魅力,铃木大辅,1
2867,月收50万却觉得人生乏味的OL，用30万雇佣我对她说「你回来了」，这工作真是好赚,黄波户井ショウリ,1
2868,中选为坏人大小姐的话，就优雅地演出吧！,柚子れもん,1
2869,开挂药师的悠闲生活,谦之字,1
2870,乔瑟与虎与鱼群,田边圣子,1
2871,我用物理开无双后大受女生欢迎,kt60,1
2872,我要在勇者传说底下创造英雄传说～颠覆王道的英雄传～,ナカノムラアヤスケ,1
2873,完全回避补师的异世界轨迹,ぷにちゃん,1
2874,完美美少女般的天才正太与溺爱自己的漂亮姊姊共同创作震惊业界游戏同时听到制作游戏的恐怖故事！,竹井10日,1
2875,好友角色的我怎么可能大受欢迎？(友人角色的我不可能这么受欢迎的吧),世界一,1
2876,怎样都行人家想要回家啦,灰猫阳路,1
2877,结与书,野村美月,1
2878,生若冬花的你,こがらし轮音,1
2879,神明渴求着游戏 挑战众神之少年的终极斗智竞技(渴求游戏之神 少年挑战众神的究极头脑战),细音启,1
2880,废材皇子们的皇位争让战～输到最后的一定是我！～,榎本快晴,1
2881,七人的魔剑姬和零之骑士团,川田两悟,1
2882,与电波系女神的同居日常,望月唯一,1
2883,义妹生活,三河ごーすと,1
2884,超强技能『召唤厨房』！,しっぽタヌキ,1
2885,面对摆出姐姐架子的初恋对象、我是绝对不会屈服的！,佐仓呗,1
2886,妖世刃吊华 吾爱之地 而今安在,草剃刃,1
2887,魔法禁书目录SS 生物黑客篇,镰池和马,1
2888,转生王子想懒散度日,朝比奈和,1
2889,从圣女职位被开除后 不知为何幼女化成为了魔王的宠物,美雨音ハル,1
2890,请把我当成妹妹，给我超越女友的爱。,泷泽慧,1
2891,FGO Mystery,円居挽,1
2892,转生王子的英雄谭,楠のびる,1
2893,0装备栏的最强剑士 但是、诅咒装备(可爱)的话能随意装9999个(我的诅咒装备不可能这么可爱),坂木持丸,1
2894,DELIVERY ROOM,西尾维新,1
2895,声优广播的幕前幕后(声优广播的台前幕后),二月公,1
2896,将放言说女生之间不可能的女孩子，在百日之内彻底攻陷的百合故事,みかみてれん,1
2897,冷淡的佐藤同学只对我撒娇,猿渡风见,1
2898,反派千金转职成超级兄控,浜千鸟,1
2899,机动魔装骑,妹尾尻尾,1
2900,厨病激发BOY,藤并みなと,1
2901,海市蜃楼之馆 直至原点的故事,缥けいか,1
2902,罗梅莉亚战记,有山リョウ,1
2903,艾蕾GY(elegy),泉和良,1
2904,典药寮的魔女,橘悠马,1
2905,被百合夹击的女子有罪吗？(夹在百合中间的女人，有罪吗？),みかみてれん,1
2906,Unnamed Memory 无名记忆,古宫九时,1
2907,恋入膏肓,斜线堂有纪,1
2908,一不小心就和魔法师契约结婚了,三萩千夜,1
2909,解谜才不像漫画那么简单,藤崎都,1
2910,朔与茉莉,叶月文,1
2911,救了遇到痴汉的S级美少女才发现是邻座的青梅竹马,谦之字,1
2912,欢迎来到难攻不落的魔王城,御鹰穂积,1
2913,其实，我乃最强？,澄守彩,1
2914,被放逐的S级鉴定士打造了最强公会,濑户夏树,1
2915,有谁规定了现实中不能有恋爱喜剧的？,初鹿野创,1
2916,THE KING OF FANTASY八神庵的异世界无双 看到月亮就给我想起来！,天河信彦,1
2917,贤勇者艾达飞基·齐莱夫的启博教览,有象利路,1
2918,艾梅洛阁下II世的冒险(君主·埃尔梅罗二世的冒险),三田诚,1
2919,末日·魔女 致饱食时代的【最强】者们,镰池和马,1
2920,最后的蓝(End Blue),入间人间,1
2921,厄里斯的圣杯,常磐くじら,1
2922,我的幸福婚约,颚木あくみ,1
2923,在现代社会变成女性向游戏的反派千金有点伤脑筋啊(在现代社会当乙女游戏的恶役千金可有点麻烦),二日市とふろう,1
2924,进击的巨人 隔绝都市的女王,川上亮,1
2925,昨日寻找星星的借口,河野裕,1
2926,底层战士，转职成外挂魔导师！,kimimaro,1
2927,原世界第1的副角色育成日记~废人玩家，异世界攻略中~,泽村治太郎,1
2928,异世界国家阿尔奇美拉,苍乃晓,1
2929,TRPG玩家在异世界打造最强角色,Schuld,1
2930,不时轻声地以俄语遮羞的邻座艾莉同学(邻座的艾琳同学偶尔会用俄语悄悄撒娇),灿灿SUN,1
2931,在异世界获得超强能力的我，在现实世界照样无敌～等级提升改变人生命运～,美红,1
2932,我是魔法使。想要脱离勇者小队。,マルゲリータ,1
2933,亡国的征服者～魔王将征服世界～,不手折家,1
2934,贵族转生～得天眷顾一出生就获得最强力量～,三木なずな,1
2935,救了想一跃而下的女高中生会发生什么事？(如果救下了准备跳楼的女高中生会怎样？),岸马きらく,1
2936,转生贤者的异世界生活～取得第二职业，成为世界最强～,进行诸岛,1
2937,朝比奈若叶与○○男友,间孝史,1
2938,巡幸之半女神,新井円侍,1
2939,和你放学后重新开始,濑川コウ,1
2940,请你消失吧,苇舟ナツ,1
2941,我依然心系于你,あまさきみりと,1
2942,Dear,深泽仁,1
2943,与前女友令人焦灼不已的伪装结婚,望公太,1
2944,奇幻☆怪盗 R(怪影☆幻象 R),北泽大辅,1
2945,成为女贤者的光秀待在女勇者信长的队伍里面浑身不自在,森田季节,1
2946,满怀美梦的少年是现实主义者,おけまる,1
2947,言叶之庭(秋月孝雄视角版),加纳新太,1
2948,在青梅竹马的妹妹家开始家庭教师的工作后,すかいふぁーむ,1
2949,除了我之外，你不准和别人上演爱情喜剧(除了我以外，不许跟别人发生恋爱喜剧喔),羽场乐人,1
2950,记忆缝线YOUR FORMA(Your Forma 电索官慧周与机械搭档),菊石まれほ,1
2951,严厉的女上司变回高中生后向我撒娇的理由~双向单相思的高中重来生活~,徳山银次郎,1
2952,佣兵与小说家,南海游,1
2953,我们是恋爱特警队 Q比特！！,泪爽创太,1
2954,学园阴阳师 高中生，安倍春明。踏上了阴阳师之道。,黑狐尾花,1
2955,由诸神养育的神子，将成为世界最强,羽田辽亮,1
2956,我是星际国家的恶德领主！,三嶋与梦,1
2957,我还没拿出真本事,三木なずな,1
2958,法式甜点幸福堂书店,秦本幸弥,1
2959,帝剑的Parabellum,川口士,1
2960,因为抓住了爸爸活女高中生的弱点，所以拜托她带狗狗散步,持崎汤叶,1
2961,暴食狂战士 唯有我突破了所谓「等级」的概念,一色一凛,1
2962,消灭都市,高桥庆,1
2963,超次元游戏海王星：梦魇时刻？,八木莲太郎,1
2964,Silent Witch 沉默魔女的秘密(沉默的魔女),依空まつり,1
2965,即将永别的异世界、仍将来临的明天(同异世道别，与明日相约),风见鸡,1
2966,半兽人英雄物语 忖度列传,理不尽な孙の手,1
2967,才女的侍从(才女的近侍),坂石游作,1
2968,交换谎言日记,樱伊伊予,1
2969,我和女友的妹妹接吻了,海空陆,1
2970,虽然不太清楚不过我好像转生到异世界了,あし,1
2971,英雄王，为了穷尽武道而转生～而后成为世界最强见习骑士♀～,ハヤケン,1
2972,【好消息】我的不起眼未婚妻在家有够可爱(【喜讯】我的土妹子未婚妻，在家时却过于可爱),冰高悠,1
2973,我是小丑有什么问题！,白井ムク,1
2974,我才不是坏人大小姐，只是『普通』的公爵千金！,明。,1
2975,身为魔王的我娶了奴隶精灵为妻，该如何表白我的爱？,手岛史词,1
2976,对孤僻又冷淡的女孩子说教以后，她变得超黏我的(孤僻高冷的女生被我说教之后，一下子缠上了我),向原三吉,1
2977,替双亲还债的条件是和全日本最可爱的女高中生一起生活,雨音惠,1
2978,最强魔法师的隐遁计划,イズシロ,1
2979,被已经不需要育成技能的勇者队伍辞退，便试着把代替遣散费拿到的领土变强,黑おーじ,1
2980,[影]AMRITA(［影片］甘露),野崎窗,1
2981,舞面真面与面具少女,野崎窗,1
2982,不死学生凶杀事件～识别组子与游移的不死～,野崎窗,1
2983,Perfect friend,野崎窗,1
2984,白井小姐,乙一,1
2985,维修专门店 猫庵,尼野ゆたか,1
2986,独创短篇系列 野崎窗剧场,野崎窗,1
2987,文豪Stray Dogs(文豪野犬),朝雾卡夫卡,1
2988,只是穿上了制服(只是穿着制服而已),神田晓一郎,1
2989,大喊一声「好想摸女生胸部」后，我和妹妹的朋友开始交往了(大声喊我想揉欧派，结果和妹妹的朋友成为恋人),凪木エコ,1
2990,编织真理之手,佐藤さくら,1
2991,后宫幻华传(后宫系列五),阳丘莉乃,1
2992,黑心骑士团的奴隶被善心冒险者公会挖角后升上S级,寺王,1
2993,银荆的告白(含羞草的告白),八目迷,1
2994,位于恋爱光谱极端的我们(经验丰富的你和经验为零的我交往的故事),长冈真纪子,1
2995,绅堂副教授之帝都异闻录,爱德华·史密斯,1
2996,青梅竹马就是失败flag，是真的吗？,猫又ぬこ,1
2997,人类的时代结束了，但肚子还是会饿吗？,新八角,1
2998,家庭教室,伊东歌词太郎,1
2999,甜点关系系列,上田早夕里,1
3000,后宫瑞华传(后宫系列九),阳丘莉乃,1
3001,知道天空有多蓝的人啊,额贺澪,1
3002,风神秘抄,荻原规子,1
3003,上古守则的魔法骑士(古戒律的魔法骑士),羊太郎,1
3004,月影骨董鉴定帖,谷崎泉,1
3005,深泥丘奇谈,绫辻行人,1
3006,没有钥匙的梦,辻村深月,1
3007,后宫染华传(后宫系列十一),阳丘莉乃,1
3008,我和班上最讨厌的女生结婚了(和班上最讨厌的女同学结婚),天乃圣树,1
3009,关于能看见好感度后，发现女主角的数值已达满分这件事,小牧亮介,1
3010,你是我的后悔——regret,しめさば,1
3011,使者,辻村深月,1
3012,衣柜中的千代子,荻原浩,1
3013,吸血鬼作家的异搜事件簿,泽村御影,1
3014,快跟超可爱的我交往吧!(和非常可爱的我交往吧！),三上库太,1
3015,妹妹的美少女朋友是个不谙世事的不良JK 照顾她后反倒缠上了我,マリパラ,1
3016,我的日常推理,若竹七海,1
3017,战翼的希格德莉法,长月达平,1
3018,桐之宫稻荷,叶泉,1
3019,理想的圣女？可惜，我是伪圣女！～转生成了年度最垃圾恶役～,壁首领大公,1
3020,恶女不才，请多关照！～雏宫蝶鼠换身传～,中村飒希,1
3021,神隐的雷季,恒川光太郎,1
3022,第六个小夜子,恩田陆,1
3023,向阳处的她,越谷治,1
3024,米老鼠的忧郁,松冈圭佑,1
3025,启航吧！编舟计划(编舟记),三浦紫苑,1
3026,魔界归来的劣等能力者,たすろう,1
3027,通往夏天的隧道，再见的出口,八目迷,1
3028,黑鸢的圣者,まさみティー,1
3029,重启人生的千金小姐正在攻略龙帝陛下(重生大小姐正在攻略龙帝陛下),永濑さらさ,1
3030,虽然现在还只是「青梅竹马的妹妹」。,凉暮皐,1
3031,梦王国与沉睡中的100位王子殿下,狐冢冬里,1
3032,傲娇反派千金莉洁洛特与实况主远藤同学及解说员小林同学,恵ノ岛すず,1
3033,明日的我将迎风前行,乾路加,1
3034,今夜F时，奔向两个你所在的车站。,吉月生,1
3035,心碎餐厅,松尾由美,1
3036,冰冷的转学生,北山猛邦,1
3037,追逐繁星的孩子,あきさかあさひ,1
3038,云之彼端，约定的地方,加纳新太,1
3039,没有与世界之暗战斗的秘密组织，所以我建立了一个（怒）,黑留ハガネ,1
3040,最狂辅助职业【话术士】世界最强战团听我号令,jaki,1
3041,明治东京恋伽,鱼住有希子,1
3042,召唤魔神的校园生活,司,1
3043,转生魔王茱丽叶,久慈マサムネ,1
3044,你的解谜由我作答,纸城境介,1
3045,吸血鬼要上夜班！,和原聪司,1
3046,虚位王权(虚幻王权),三云岳斗,1
3047,这份心情总有一天会遗忘,住野夜,1
3048,苍之彼方的四重奏－Blue Horizon－,陆奥龙介,1
3049,时日无多的你留给我的东西,日野佑希,1
3050,被召唤的贤者前往异世界～废弃库存道具才是最强～,夜州,1
3051,在昨日的春天等待你,八目迷,1
3052,无法放弃你的前未婚妻就不行吗？,樱目禅斗,1
3053,成为铁匠在异世界度过悠闲人生,たままる,1
3054,靠魔眼跟子弹闯荡异世界！,かたなかじ,1
3055,Ghost 在我的初恋消失之前,天祢凉,1
3056,截稿日之前，百合的进度特别快,平坂读,1
3057,败北女角太多了！(败犬女主太多了！),雨森たきび,1
3058,龙与雀斑公主,细田守,1
3059,疯狂厨房,荻原数马,1
3060,我是炼金术师。自重这种常识被我丢进垃圾桶了。,夏月凉,1
3061,十字路口,桐山成人,1
3062,小说之神,相泽沙呼,1
3063,侦探AI,早坂吝,1
3064,青梅竹马是妹妹，景山北斗的哀与爱,野村美月,1
3065,转学后班上的清纯可爱美少女，竟是小时候玩在一起的哥儿们,云雀汤,1
3066,植物魔物娘日记,水无濑,1
3067,王者的求婚(国王的求婚),橘公司,1
3068,我当备胎女友也没关系(我，当备胎女友就可以。),西条阳,1
3069,与青梅竹马的未婚妻成为恋人的故事,绯月剃,1
3070,异世界来袭,丈月城,1
3071,是啊，确实很可爱呢,刈野ミカタ,1
3072,让所有恋人都幸福的故事,天乃圣树,1
3073,我的老婆，可能是个变态,くろい,1
3074,杀死圣诞老人，然后接吻。,犬君雀,1
3075,灵能侦探·藤咲藤花不笑话他人的惨剧,绫里惠史,1
3076,一点都不想相亲的我设下高门槛条件，结果同班同学成了婚约对象！？,樱木樱,1
3077,校对女王,宫木あや子,1
3078,武士道系列,誉田哲也,1
3079,左右两边都是妹妹，哥哥想选的是谁？,恵比须清司,1
3080,世界因你更加美丽,神田夏生,1
3081,最强不败的神剑使,羽田辽亮,1
3082,前女友不幸转校归来，小暮理知的罠与恋,野村美月,1
3083,前男友的遗书,新川帆立,1
3084,直到与约定永远做朋友的女性朋友不再是朋友,岩柄イズカ,1
3085,神猫小咪与猫用品召唤师的异世界奋斗记,にゃんたろう,1
3086,【修复】技能既然变成了万能作弊招式，干脆开间武器店吧,星川银河,1
3087,和初恋的同级生成为家人之后，青梅竹马格外爱撒娇。,弥生志郎,1
3088,今夜、听到你的声音～无法忘记的那个夏天～,いぬじゅん,1
3089,海鸟东月的『荒唐事』,两生类かえる,1
3090,娇宠隔壁的冰山美人，并把自家钥匙给了她,雪仁,1
3091,被陌生女高中生囚禁的漫画家(漫画家被陌生女高中生监禁的故事),穂积潜,1
3092,请别来管我 不知为何她想改变孤狼这没救的高中生活,相崎壁际,1
3093,不知不觉我好像吸引了学校第一的美少女,午前の绿茶,1
3094,小不点贤者，从Lv.1开始在异世界奋斗！,彩戸ゆめ,1
3095,落第贤者的学院无双~二度转生的最强贤者于400年后的世界以魔剑御天下~,白石新,1
3096,你想活出怎样的人生,吉野源三郎,1
3097,无法忘怀的魔女故事(无法忘却的魔女物语),宇佐楢春,1
3098,再见宣言,三月みどり,1
3099,魔法少女德比,土桥真二郎,1
3100,世界唯一的魔物使~转职后被误认成魔王~,笕千里,1
3101,菜鸟炼金术师开店营业中(新人炼金术师的店铺经营),いつきみずほ,1
3102,镜之孤城,辻村深月,1
3103,男女之间存在纯友情吗？（不，不存在！）,七菜なな,1
3104,魔法人联社,佐岛勤,1
3105,螺旋的Emperoider,上远野浩平,1
3106,在朋友背后与你悄悄牵手。谈着无法言说的恋爱,真代屋秀晃,1
3107,利他的玛丽,御影瑛路,1
3108,我永远不会忘记，灿烂一瞬间的你,冬野夜空,1
3109,Memories Off Bridge(秋之回忆2),渡边阳,1
3110,春夏秋冬代行者,晓佳奈,1
3111,即使，这份恋情今晚就会从世界上消失,一条岬,1
3112,辣妹因为惩罚游戏才向我这个边缘人告白，但显然是真心爱上我了,结石,1
3113,下北泽摇滚推理事件簿,冈崎琢磨,1
3114,我们需要死亡游戏的原因,持田冥介,1
3115,关于救下迷路幼女之后，住在隔壁的美少女留学生就开始经常出入我家这件事,ネコクロ,1
3116,纯白千金的谍报员,桜生怀,1
3117,咦，一手包办公司系统的我被开除了吗？,下城米雪,1
3118,假面骑士铠武(假面骑士系列十五),砂阿久雁,1
3119,假面骑士响鬼(假面骑士系列六),きだ つよし,1
3120,最喜欢的前辈小巧又可爱，所以想每天让她害羞三次,五十岚雄策,1
3121,假面骑士Fourze~天·高·毕·业~(假面骑士系列十三),冢田英明,1
3122,你是初恋之人的女儿,机村械人,1
3123,SSSS.DYNAZENON CHRONICLE,水泽梦,1
3124,大正浪漫,NATSUMI,1
3125,ReLIFE重返17岁,莳田阳平,1
3126,适合围裙的辣妹太狡猾了,番棚葵,1
3127,假面骑士空我(假面骑士系列一),荒川稔久,1
3128,我的初恋对象与人接吻了,入间人间,1
3129,因为是我先喜欢上的,佐野しなの,1
3130,被公会开除的杂工以下克上～用超万能的生活技巧成为世界最强～,夜樱ユノ,1
3131,义妹不在出轨范围内哦，哥哥,三原みつき,1
3132,不起眼的我在你房间做的事班上无人知晓(路人的我在你房间里做的事班里没人知道),ヤマモトタケシ,1
3133,假面骑士铠武外传～假面骑士斩月～(假面骑士系列十九),毛利亘宏,1
3134,班里的人气偶像黏上了一辈子不想工作的我,岸本和叶,1
3135,霜月同学喜欢上路人角色,八神镜,1
3136,VENOM 求爱性少女症候群,城崎,1
3137,身为VTuber的我因为忘记关台而成了传说,七斗七,1
3138,佐佐木与文鸟小哔,ぶんころり,1
3139,关于我说出「想要漂亮又有钱的女朋友」后，有个问题女生找上门这件事,小宫地千々,1
3140,假面骑士Ex-Aid~Mighty Novel X~(假面骑士系列十八),高桥悠也,1
3141,我的网婆是超人气偶像 冰山美人的她在现实世界也想当我老婆,あボーン,1
3142,那一日，我不再是我,松村凉哉,1
3143,与人气声优甜甜蜜蜜步入礼堂的恋爱喜剧,浅冈旭,1
3144,100天后要死去的恶役千金每天都很快乐,ゆいレギナ,1
3145,日和的请求是绝对的,岬鹭宫,1
3146,完美的佐古同学想要变得和我(路人)一样,山贺塩太郎,1
3147,在高三拿到驾照的我。陷入了和不可爱学妹一起夏日旅行的境地。,裕时悠示,1
3148,Memories Off 双海诗音篇(秋之回忆),金卷朋子,1
3149,养女不如养新娘！,なかひろ,1
3150,假面骑士Decade 门矢士的世界~透镜中的箱庭~(假面骑士系列十),钟弘亚树,1
3151,灵媒侦探城冢翡翠(翡翠少女),相泽沙呼,1
3152,在超商抢案中救下的不起眼店员，竟是同班的纯情可爱辣妹,あボーン,1
3153,转生少女首先想从第一步开始～没听说有魔物啊！～,カヤKaya,1
3154,乐园追放2.0 乐园残响 Godspeed You,大树连司,1
3155,Memories Off Concerto(秋之回忆2),日暮茶坊,1
3156,古书堂事件手帖 扉子篇,三上延,1
3157,青色轮廓线 凡人将天才描绘的世界改写的方法！,日日缀郎,1
3158,白日梦的构想图,绪乃ワサビ,1
3159,灰原同学重返过去，开启所向无敌的第二轮青春游戏(灰原君的青春二周目),雨宫和希,1
3160,其实是继妹。～总觉得刚来的继弟很黏我～(其实是义妹。~最近出现的义理的弟弟太过亲密了~),白井ムク,1
3161,假面骑士kabuto(假面骑士系列七),米村正二,1
3162,你，还记得我吗？,七月隆文,1
3163,你名字的侧面,河野裕,1
3164,捡走被人悔婚的千金，教会她坏坏的幸福生活,ふか田さめたろう,1
3165,反苏格拉底(逆苏格拉底),伊坂幸太郎,1
3166,欺瞒虚伪谎言，但是我爱你,川田戏曲,1
3167,因为女朋友被学长NTR了，我也要NTR学长的女朋友,震电みひろ,1
3168,与美少女保持距离的方法,丸深まろやか,1
3169,那一天，朱音投身青空,武田绫乃,1
3170,盖亚奥特曼＆迪迦奥特曼＆戴拿奥特曼 超时空大冒险,长谷川圭一,1
3171,我们真的想做的事情,白都久絽乃,1
3172,相遇之时、盛开之花(相逢之日、鲜花绽放),青海野灰,1
3173,失恋后，原本冷淡的青梅竹马变得温柔娇甜(失恋后，原本冷淡的青梅竹马变得像砂糖点心一样温柔甜美),七乌未奏,1
3174,没有明天的我们，在昨天相恋,星火燎原,1
3175,身为女性向游戏的女主角挑战最强生存剧,春の日びより,1
3176,黑暗中的恋爱喜剧(黑暗恋爱喜剧),铃木大辅,1
3177,七咏唱御宅魔术王,岬かつみ,1
3178,蔷薇十字丛书,合作,1
3179,平滑世界及其敌人,伴名练,1
3180,美少女宇宙人＆神奇道具H展开！？,远野渚,1
3181,本命，燃烧(我推，火然),宇佐见铃,1
3182,侦探少年与敏锐的山田同学,玩具堂,1
3183,破灭的倒悬者,吹井贤,1
3184,与你相遇在无眠的梦中,远野海人,1
3185,我家执事如是说 菜鸟主仆推理事件簿,高里椎奈,1
3186,日常生活中不起眼的平凡大叔，其实是地表最强战神,相野仁,1
3187,狼的孩子雨和雪,细田守,1
3188,不干了！我开除了黑心公司,北川惠海,1
3189,有害人物(Shamer),三月みどり,1
3190,约定的梦幻岛～来自诺曼的信～,七绪,1
3191,黑妖犬 罪犯侧写师·犬饲秀树,青木杏树,1
3192,动漫专门店,尼野ゆたか,1
3193,祭火小夜的后悔,秋竹サラダ,1
3194,夜见师,中村ふみ,1
3195,阿宅的恋爱太难,华路いづる,1
3196,火影忍者 鼬真传,矢野隆,1
3197,星期五的书店,名取佐和子,1
3198,屠龙者布伦希尔德,东崎惟子,1
3199,恶逆大战,绫里惠史,1
3200,怪物的孩子,细田守,1
3201,她喜欢的是BL，不是同志的我,浅原ナオト,1
3202,火影忍者秘传系列,合作,1
3203,可塑性记忆 Heartfelt Thanks,林直孝,1
3204,保健室的成熟前辈，在我面前却会很快娇羞起来,泷泽慧,1
3205,让可爱而过度谨慎的大小姐绽放笑容的方法,りんごかげき,1
3206,深夜的超自然公务员,铃木麻纯,1
3207,关于四个持有负面技能的人聚在一起，不知怎的发挥出相乘效果组成了最强队伍这档事,小铃危一,1
3208,戴拿奥特曼·朝向未来的零之驱动,长谷川圭一,1
3209,完美主义菁英的强势求爱,樱川ヒロ,1
3210,被夹在百合之间的我，顺势劈腿了(关于被百合夹在中间的我，顺势脚踏两只船这件事),としぞう,1
3211,英雄股份有限公司!!!,北川惠海,1
3212,火影忍者 超骨气忍传,东山彰良,1
3213,相机前辈和擅长照顾人的后辈酱,美月丽,1
3214,活了100万次的你,七月隆文,1
3215,空挺Dragons,橘もも,1
3216,火影忍者佐助真传,十和田シン,1
3217,幻夜,东野圭吾,1
3218,偏爱管家的恶魔报告,绫里惠史,1
3219,野蛮獠牙大小姐 史上最强佣兵成为史上最凶暴虐千金在重来的世界大开无双(獠牙千金),赤石赫々,1
3220,父母再婚。女友开始喊我欧尼酱了,マリパラ,1
3221,魔女与猎犬,カミツキレイニー,1
3222,多少队友命丧你手,有象利路,1
3223,侦探不在之处即乐园,斜线堂有纪,1
3224,妹妹是不能当女友的，可是……(明明妹妹是不能做女友的),镜游,1
3225,为了不让你忘记与我共度的夏天,国仲シンジ,1
3226,虽然是公会的柜台小姐，但因为不想加班所以打算独自讨伐迷宫头目,香坂マト,1
3227,达观世代的魔法师,藤万留,1
3228,迪迦奥特曼 白狐森林,川上英幸,1
3229,颜值主义教室,三河ごーすと,1
3230,公主骑士的小白脸(姬骑士大人的情夫),白金透,1
3231,成人游戏转生 对抗命运的金猪贵族奋斗记,名无しの権兵卫,1
3232,魔女的宠爱,绫里惠史,1
3233,青梅竹马找我做恋爱咨询，她喜欢的人有些像我，但又好像不是我,ケンノジ,1
3234,成为悲剧元凶的最强异端，最后头目女王为了人民牺牲奉献,天壱,1
3235,魔导书学园的禁书少女,绫里惠史,1
3236,我的弟子最强最可爱,赤石赫々,1
3237,不语的来栖同学心里满是喜欢,紫ユウ,1
3238,我军师裙子太短～同一屋檐下的上班族与女高中生,七条刚,1
3239,假面骑士wizard(假面骑士系列十四),きだつよし,1
3240,关于与以为是男生的发小新婚生活过于顺利的事情,はむばね,1
3241,这段恋情由前女友赞助,御宫ゆう,1
3242,转生后想要在田园过慢生活,炼金王,1
3243,我的侄女将来会和什么样的人结婚呢,落合佑辅,1
3244,单身贵族讴歌异世人生~不婚男子的优雅单身生活~,炼金王,1
3245,Memories Off 2nd～Dear Friend～(秋之回忆2),日暮茶坊,1
3246,小秘密(只有我知道),住野夜,1
3247,明明有了这么可爱的未婚妻，还会喜欢别的女孩子？,ミサキナギ,1
3248,暗夜的怪物(夜晚的怪物),住野夜,1
3249,弗莉达的世界 天上没有的群星,长谷敏司,1
3250,百年文通,伴名练,1
3251,最后也是最初的偶像,草野原原,1
3252,Undead Girl·Murder Farce(不死少女系列),青崎有吾,1
3253,高岭同学好像喜欢你耶(高岭同学好像喜欢你喔),猿渡风见,1
3254,Revenger’s High 复仇成瘾,吕暇郁夫,1
3255,杀人犯对杀人鬼,早坂吝,1
3256,叹气的亡灵想隐退～最弱猎人的强队伍育成术～,槻影,1
3257,「援交侦探」上木荔枝系列,早坂吝,1
3258,假面骑士Ghost~致未来的记忆~(假面骑士系列十七),福田卓郎,1
3259,作弊少女奋斗记,黑田研二,1
3260,再见，妖精,米泽穗信,1
3261,D级冒险者的我，不知为何受邀加入勇者团队，还被公主缠上了,白青虎猫,1
3262,江之岛西浦照相馆,三上延,1
3263,班上最优秀的她，其实是我这个边缘人的女友,七星萤,1
3264,Memories Off After Rain(秋之回忆2),日暮茶坊,1
3265,无法成为主角的我们始于妥协的恋人生活,鸭野うどん,1
3266,我们偷走星座的理由,北山猛邦,1
3267,尸恋,夏野园子,1
3268,女学生侦探系列,てにをは,1
3269,所有偶像皆不老的世界,伴名练,1
3270,恶德侦探制裁社,松冈圭佑,1
3271,田中家全员转生,猪口,1
3272,班上的辣妹不知为何与我的义妹关系变得要好起来了。,佐波彗,1
3273,孩子们的愤怒愤怒愤怒,佐藤友哉,1
3274,靠超强人脉开始的摇人英雄谭,坂石游作,1
3275,推偶像三原则,进藤尚典,1
3276,假面骑士Kiva(假面骑士系列九),古怒田健志,1
3277,点餐请洽侦探,近江泉美,1
3278,下雨天，不上学,相泽沙呼,1
3279,富豪刑事,筒井康隆,1
3280,为青年设立的读书俱乐部,樱庭一树,1
3281,从前从前，某个地方有具尸体……,青柳碧人,1
3282,Alice the Wonder Killer 少女侦探杀人事件,早坂吝,1
3283,化石少女,麻耶雄嵩,1
3284,魔女狩猎游戏,绫辻行人,1
3285,热带,森见登美彦,1
3286,神的游戏,麻耶雄嵩,1
3287,造成我心理阴影的女生们今天也不时偷看我，只可惜为时已晚,御堂ユラギ,1
3288,GHOST≠NOISE,十市社,1
3289,春樱亭圆紫和我系列,北村薰,1
3290,玻璃之塔杀人事件,知念实希人,1
3291,佐佐良镇的沙耶,加纳朋子,1
3292,夜市,恒川光太郎,1
3293,假面骑士电王~东京世界塔的魔犬~(假面骑士系列八),白仓伸一郎,1
3294,楠芽吹是勇者(勇者部系列四),朱白あおい,1
3295,结城友奈是勇者 勇者史外典,朱白あおい,1
3296,当我呼唤你的名字(我会呼唤你的名字),乙野四方字,1
3297,杀死少女的100种方法,白井智之,1
3298,大逃杀,高见广春,1
3299,我想成为你的眼泪,四季大雅,1
3300,水属性的魔法师,久宝忠,1
3301,肃清之门,黑武洋,1
3302,神的逻辑 人的魔法,西泽保彦,1
3303,大阴阳师 安倍晴明,结城光流,1
3304,后宫之乌,白川绀子,1
3305,双神的艾露薇娜,水泽梦,1
3306,玻璃麒麟,加纳朋子,1
3307,魔术师,松冈圭佑,1
3308,受虐狂热,橘ぱん,1
3309,推理大师的恶梦,绫辻行人,1
3310,和同龄的妹妹，二人一人旅,三月みどり,1
3311,球形季节,恩田陆,1
3312,死党历五年，事到如今恋上你这种话已说不出口。,三上库太,1
3313,在只有我能升级的世界成为恶德领主,わるいおとこ,1
3314,恶之教典,贵志佑介,1
3315,假面骑士W~将Z继承之人~(假面骑士系列十一),三条陆,1
3316,Lycoris Recoil 莉可丽丝 Ordinary days,朝浦,1
3317,喜鹊的四季,道尾秀介,1
3318,两人变成两只,西泽保彦,1
3319,沉向麦海的果实,恩田陆,1
3320,在合租屋重逢的前女友步步紧逼,くろい,1
3321,把班上的孤单辣妹带回家改造成清纯美女的故事,柚本悠斗,1
3322,黑牢城,米泽穗信,1
3323,我世界第一可爱的青梅竹马，今天也很可爱,青季ふゆ,1
3324,所罗门之犬,道尾秀介,1
3325,死了七次的男人,西泽保彦,1
3326,你的恋人试镜资格战(Audition)-我可以和你演剧本里没写的接吻戏吗？,朝野始,1
3327,奥尔雷斯塔神殿物语,春间タツキ,1
3328,那个已然饱和的夏天,カンザキイオリ,1
3329,魔物娘的医生,折口良乃,1
3330,琥珀之秋，0秒之旅,八目迷,1
3331,六个说谎的大学生,浅仓秋成,1
3332,我们没有故事,水泽梦,1
3333,英雄与魔女的转生恋爱喜剧,雨宫和希,1
3334,差点在迷宫深处被信任的伙伴杀掉，但靠着天赐技能「无限扭蛋」获得等级9999的伙伴，我要向前队友和世界展开复仇＆「给他们好看！」,明镜シスイ,1
3335,秋之牢狱,恒川光太郎,1
3336,只要还活着,小坂流加,1
3337,密室杀人游戏,歌野晶午,1
3338,神眼的勇者,ファースト,1
3339,时间停止的冰封校舍,辻村深月,1
3340,你为人，我已死，世界时常轮转,零真似,1
3341,美丘,石田衣良,1
3342,抱住我崩溃的大脑,知念实希人,1
3343,大贤者的爱徒~防御魔法推广记~,ナカノムラアヤスケ,1
3344,dele删除,本多孝好,1
3345,月灯馆杀人事件,北山猛邦,1
3346,剪刀男,殊能将之,1
3347,哪啊哪啊神去村,三浦紫苑,1
3348,时间跳跃的你来自昨日(TIME LEAP——明日即昨天),高畑京一郎,1
3349,仅我知晓放学后的圣女不单只是尊贵,户冢陆,1
3350,青春与恶魔(青春恶魔),池田明季哉,1
3351,独眼少女,麻耶雄嵩,1
3352,RPG School,早坂吝,1
3353,被诅咒的纯爱,二丸修一,1
3354,怪人的沙拉碗,平坂读,1
3355,家族八景,筒井康隆,1
3356,再见神明,麻耶雄嵩,1
3357,此世终焉的杀人,荒木茜,1
3358,未实装的最后魔王们成为了伙伴(未实装的最终boss成了伙伴),ながワサビ64,1
3359,月鱼,三浦紫苑,1
3360,光之国度,恩田陆,1
3361,濒死之绿,乙一,1
3362,「岛崎＆我」系列,宫部美雪,1
3363,Memories Off～从今以后～Tea Party(秋之回忆4),日暮茶坊,1
3364,如果朋友的姊姊和边缘人谈恋爱的话？,おかゆまさき,1
3365,试着向准备跳下去的同班同学提议「和我XX吧」,赤月ヤモリ,1
3366,在黑暗中等待相遇,乙一,1
3367,爱的成人式,干胡桃,1
3368,Memories Off～Anniversary～(秋之回忆),日暮茶坊,1
3369,化为回忆的你～Memories Off～灯的城(秋之回忆3),日暮茶坊,1
3370,此恋暗黑,十文字青,1
3371,好朋友的妹妹貌似愿意当我官能小说的模特,あきらあかつき,1
3372,Ruina 废都物语,嬉野秋彦,1
3373,爱的告别式,干胡桃,1
3374,利里耶国骑士团与辛德瑞拉的弦音,瑚池ことり,1
3375,强袭魔女Memorial Episode 在一起哦,佐伯昭志,1
3376,夏与冬的奏鸣曲,麻耶雄嵩,1
3377,从路人角色开始的探索英雄谭,海翔,1
3378,三濑川先生的冥界心理咨商,佐野しなの,1
3379,世界最快的等级提升,八又ナガト,1
3380,双星的天剑士(双星的天剑使),七野りく,1
3381,喷射人 JETMAN,井上敏树,1
3382,天使只喝碳酸饮料,丸深まろやか,1
3383,董白传~从魔王千金开始的三国志~,伊崎乔助,1
3384,铃芽之旅(铃芽户缔),新海诚,1
3385,反派千金赛希莉亚·西尔维为了活下去决定女扮男装,秋樱ヒロロ,1
3386,猎猫一族之长,麻枝准,1
3387,原本阴沉的我要向青春复仇 和那个天使般的女孩一起Re life(曾是阴角的我再战青春),庆野由志,1
3388,欢迎光临自助洗衣店,椿ゆず,1
3389,班上的原偶像，总之就是举止可疑,こりんさん,1
3390,和前妻重返同学时代,猫又ぬこ,1
3391,由最凶恶魔王所锻炼的勇者，在异世界回归者们的学园里所向披靡,绀野千昭,1
3392,你以为区区转生就逃得了吗，哥哥？(被病娇妹妹爱得死去活来),纸城境介,1
3393,陪我到最后,铃木大辅,1
3394,无尽的夏日，以坏掉的恋情作结,杉井光,1
3395,奥特曼——黄金冲击作战——,实相寺昭雄,1
3396,与幼小的你一起，将声音传到远方,ツカサ,1
3397,砂上的微小幸福(沙上的1DK),枯野瑛,1
3398,冷淡孤高的转校生在放学后，转动备用钥匙打开房门对我撒娇,千羽十讯,1
3399,命定之人是妻子的妹妹。(妻子的妹妹是我的命中人),逢缘奇演,1
3400,戴拿奥特曼 和平之星·The Other,长谷川圭一,1
3401,有你没有我的世界,仓结步,1
3402,这个△恋爱喜剧有获得幸福的义务,榛名千纮,1
3403,忍风战队破里剑者,宫下隼一,1
3404,星咏的魔法使,六海刻羽,1
3405,此谎柔情，彼若蝶梦,浅白深也,1
3406,反派千金沦为庶民,绯月紫炮,1
3407,渐变消失,长泽树,1
3408,阿斯特莉亚回忆录 在地下城寻求邂逅是否搞错了什么 英雄谭,大森藤野,1
3409,异世界最强贵族，后宫愈多就愈强,三木なずな,1
3410,我不会让你成为回忆,青海野灰,1
3411,如果明天，这个世界就会终结,漆原雪人,1
3412,少女同志，向敌人开枪吧,逢坂冬马,1
3413,十岁的最强魔导师,天乃圣树,1
3414,青空与阴天,三秋缒,1
3415,被放逐的吊车尾少年，从边境生还成为S级对魔师,御子柴奈奈,1
3416,Memories Off 回忆的点滴(秋之回忆),日暮茶坊,1
3417,毫无干劲的尼特族前神童，当上了冒险者,ぺもぺもさん,1
3418,推荐菜单,汐邑雏,1
3419,异世界漫步,あるくひと,1
3420,余命10年,小坂流加,1
3421,明日的犯人和无人岛教室,周藤莲,1
3422,请证明永远的爱,かつび圭尚,1
3423,献给想死的你,绫崎隼,1
3424,太宰治转生！,佐藤友哉,1
3425,大学社团里最可爱的学妹,水栖虫,1
3426,Bullets,坂上秋成,1
3427,经验值赋予者《Point gifter》的异世界最强单人冒险,九十九弐式,1
3428,我和黏人JK的悠闲1.5人同居生活～和幽灵一起吃的饭格外香～,佐城明,1
3429,暗祓,辻村深月,1
3430,优等生不为人知的一面~与其实是里账号者的邻座美少女二人独处的放学后~,海月くらげ,1
3431,在那开满花的山丘，我想见到你。,汐见夏卫,1
3432,祈祷之国的莉莉艾儿,白石定规,1
3433,好想过穷奢极侈的生活！转生后绝不容许贫穷，用魔法改革领地,みわかず,1
3434,今天天气不错，我打算把上司干掉,夕鹭叶,1
3435,BLEACH 死神,松原真琴,1
3436,My Merry Maybe——connected with 43years ago…,长井知佳,1
3437,990年后复活的最恐怖魔王，决心歼灭人类。※但是人类用卫星瞄准激光武器等待着,榎本快晴,1
3438,龙泉家一族,方丈贵惠,1
3439,赛文奥特曼 被狙击的星球,实相寺昭雄,1
3440,想让我出人头地的最强女师父们，为了培育方针演变成修罗场,赤城大空,1
3441,只有我知道尸人拯救了世界,下等妙人,1
3442,军人少女，要潜入皇立魔法学校了,冬濑,1
3443,刹那的风景,绿青·薄浅黄,1
3444,甩了劈腿女友之后，我被全校第一美少女打包带回家了(甩了出轨的女友之后，被学校首屈一指的美少女带回了家),マキダノリヤ,1
3445,借给朋友500圆，他竟然拿妹妹来抵债，我到底该如何是好,としぞう,1
3446,对我失去兴趣的前女友和身为青梅竹马的现女友，不知为何正在上演修罗场。,急川回レ,1
3447,网络的『推』和现实的『推』搬到隔壁来了,遥透子,1
3448,与美少女一同自由行,青季ふゆ,1
3449,突然有了未婚妻，没想到对方竟是闻名全校的『蛮横千金』，这该如何是好？,疎陀阳,1
3450,王宫侍女安娜的日常,腹黑兔,1
3451,怪盗弗拉努尔的巡回(怪盗系列),西尾维新,1
3452,非人学生与厌世教师(非人教室的厌人教师),来栖夏芽,1
3453,靠死亡游戏混饭吃。(以死亡游戏为生。),鹈饲有志,1
3454,每遭放逐就能获得技能的我，在100个世界大开第二轮无双,日之浦拓,1
3455,星美君的包装,悠木りん,1
3456,堕天使拷问刑,飞鸟部胜则,1
3457,怪盗侦探山猫,神永学,1
3458,神乐坂怪谈,芦泽央,1
3459,零技能的厨师,延野正行,1
3460,企鹅公路,森见登美彦,1
3461,自从能够读取他人秘密后，我的校园恋爱喜剧就此开演,ケンノジ,1
3462,V皮套下的另一面,黑键茧,1
3463,人鱼公主杀人事件,北山猛邦,1
3464,谋杀爱丽丝,小林泰三,1
3465,千年图书馆,北山猛邦,1
3466,贪婪之羊,美轮和音,1
3467,谋杀克拉拉,小林泰三,1
3468,你好？我是手机，有什么事？,早月やたか,1
3469,复制品的我也会谈恋爱(复制品也要谈恋爱),榛名井,1
3470,古立特宇宙,水泽梦,1
3471,美里活在猫的眼眸里(美里住在猫猫的眼中),四季大雅,1
3472,伪证破解家,大山诚一郎,1
3473,你又被杀了呢，侦探大人,てにをは,1
3474,新手教程开始前，为了让BOSS角色们不被消灭我能做的几件事,高桥炬燵,1
3475,乱世千金倪亚·利斯顿,南野海风,1
3476,为美好的世界献上祝福!FantasticDays,昼熊,1
3477,赛文奥特曼X ULTRASEVEN X,小林雄次,1
3478,关于在异世界经营起点孤儿院，超人高中生大开萝莉后宫这档子事,初枝莲花,1
3479,被坐在后面的辣妹喜欢上，我快要没辙了,陆奥こはる,1
3480,名侦探音野顺事件簿,北山猛邦,1
3481,微风行过我们的发丝,弥生小夜子,1
3482,密室中的霍尔顿,河野裕,1
3483,世界的终焉与向日葵与仄费洛斯,青海野灰,1
3484,下班回家，单身美女上司对我有事相求。,望公太,1
3485,小红帽，在旅途中遇见尸体,青柳碧人,1
3486,龙姬布伦希尔德,东崎惟子,1
3487,闷黑少女换上爱妻围裙过后,花宫拓夜,1
3488,Fate：Lost Einherjar 极光的亚丝拉琪,樱井光,1
3489,内衣女孩任你摆布,花间灯,1
3490,少女爱上姐姐2,嵩夜あや,1
3491,一直被当成无能的魔导师其实是世界最强，却因遭到幽禁而毫无自觉,奉,1
3492,奇招百出的维多利亚,守雨,1
3493,那个，其实，我还是第一次～距离和很好上床却很纯情的女友进行初体验，还有87天,日日缀郎,1
3494,不过是跟表姐妹的恋爱物语,中西鼎,1
3495,苍与咲良,伊尾微,1
3496,我和班上第二可爱的女生成为朋友,たかた,1
3497,BLADE＆BASTARD,蜗牛くも,1
3498,在男性禁入的游戏世界里，我唯一该做的事情(在男子禁止的游戏世界里，我唯一该做的事情),端樱了,1
3499,宛如星辰的你(君若星辰),凪良汐,1
3500,swords of stallion 被称为种马的最强骑士，受命去寝取邻国的公主,三云岳斗,1
3501,从被甩开始的恋爱喜剧,金木犀,1
3502,我，魔王。——不知为何受到了勇者的溺爱。,ぷにちゃん,1
3503,精英ELITE,三月みどり,1
3504,坏孩子的进击,鸣海雪华,1
3505,焦点深度,あいだ,1
3506,二度遭到杀害的她,秋尾秋,1
3507,沙漠蔷薇,飞鸟部胜则,1
3508,勇者症候群,彩月レイ,1
3509,时隔10年重逢，臭小鬼长成了清纯美少女JK,馆西夕木,1
3510,恋缘夜空,岬鹭宫,1
3511,连互诉月色真美都做不到的我们,神田澪,1
3512,药瘾谜题,白井智之,1
3513,Rioland,岩井恭平,1
3514,怪物中毒,三河ごーすと,1
3515,强袭魔女 阿非利加的魔女 圭的报告,铃木贵昭,1
3516,玲依的世界―Re:I―Another World Tour,时雨泽惠一,1
3517,结界师的一轮华,クレハ,1
3518,副教授高槻彰良的推测,泽村御影,1
3519,我买下了与她的每周密会～以五千圆为借口，共度两人时光～(一周一次买同学的那些事),羽田宇佐,1
3520,世界啊，臣服在我的烈焰之下吧(世界啊臣服于吾之火焰),すめらぎひよこ,1
3521,英国幻想蒸汽谭,白雨苍,1
3522,而那个女孩被煮死在二楼,白井智之,1
3523,贞操逆转世界的处男边境领主骑士,道造,1
3524,明日，裸足前来。,岬鹭宫,1
3525,Lovelive! 虹咲学园偶像同好会 红莲的剑姬~Flamesword Princess~,五十岚雄策,1
3526,苍之彼方的四重奏 EXTRA2-two of a kind-,渡辺僚一,1
3527,浴缸生活,四季大雅,1
3528,世界第一『可爱』的是雨宫同学，第二是我。,编乃肌,1
3529,Smile光之美少女！,小林雄次,1
3530,在不眠的夜晚寻找羊,远野海人,1
3531,终将走向恋爱喜剧的暗杀者,骆驼,1
3532,我的召唤兽已经，死了,乐山,1
3533,乐园杀手,吕暇郁夫,1
3534,穿越时空的约定,冬野夜空,1
3535,妹妹进入女骑士学园就读，不知为何成为救国英雄的人竟是我。,ラマンおいどん,1
3536,Bye-Bye，Earth(再见地球),冲方丁,1
3537,转生为故事的黑幕～以进化魔剑和游戏知识傲视群伦～,结城凉,1
3538,在交友软体上与前任重逢了。,ナナシまる,1
3539,爱丽丝和特蕾丝的梦幻工厂(爱丽丝和特蕾丝的幻影工厂),冈田麿里,1
3540,身为爆肝上班族的我，与睽违七年重逢的美少女JK开始同居,上村夏树,1
3541,田中罗密欧不针砭时弊,田中罗密欧,1
3542,CARNEADES,绫里惠史,1
3543,魍魉侦探今宵依然不说谎,绫里惠史,1
3544,要是和只对我冷淡的友利同学说『我知道你有隐藏账号』的话会怎么样？,朝野始,1
3545,和身为天才女演员的青梅竹马共演吻戏,雨宫むぎ,1
3546,这段青春存在隐情,岸本和叶,1
3547,NO推理、NO侦探？,柾木政宗,1
3548,那那木悠志郎系列,阿泉来堂,1
3549,致未曾谋面的丈夫，我们离婚吧！,久川航璃,1
3550,我想跷掉太子妃培训,泽野いずみ,1
3551,那一天，我遇见可以实现愿望的神明大人,冲田元,1
3552,致亲爱的你,カンザキイオリ,1
3553,夏洛克+学园,纸城境介,1
3554,旋转木马推理事件簿,冈崎琢磨,1
3555,百鬼园事件帖,三上延,1
3556,你我葬身于爱,野宫有,1
3557,密室黄金时代的杀人,鸭崎暖炉,1
3558,狱门抚子在此,伏见七尾,1
3559,讨厌书的我，恋上图书室的魔女,青季ふゆ,1
3560,回忆重叠的乐园战场。接着两人，拿起了武器(少女执利兵于手，相战于交织希望的乐园战场),鸦ぴえろ,1
3561,这天，身为『伪勇者』的我将『真勇者』逐出了队伍,シノノメ公爵,1
3562,连女朋友都不是的女生在深夜两点过来做炒饭这件事,道造,1
3563,转生为睡走情色游戏女主角的男人，但我绝不会干这种事,みょん,1
3564,向转生的我挑战的无谋但前途有望的少女的故事,小东のら,1
3565,哥布林千金与转生贵族的幸福之路 为了未婚妻竭尽所能运用前世知识,新天新地,1
3566,判处勇者刑 惩罚勇者9004队刑务纪录,ロケット商会,1
3567,与奔驰于透明之夜的你，谈一场看不见的恋爱。(与奔向透明之夜的你，谈一场看不见的恋爱),志马なにがし,1
3568,被弟控姊姊发现我其实是最强魔法士。在学园里再也无法隐藏实力,枫原こうた,1
3569,十二月，你曾是蓝色的拼图,神键裕贵,1
3570,吃人鬼的新娘,绫里惠史,1
3571,我跟妹妹，其实没有血缘关系,村田天,1
3572,在地铁拯救美少女后默默离去的我，成了举国知名的英雄。,水户前カルヤ,1
3573,黄金经验值,原纯,1
3574,纯白杀人魔,三轮•キャナウェイ,1
3575,有朝一日，安然长眠,戌淳,1
3576,坐我隔壁的前偶像，要是没我的企画就无法过日常生活,饴月,1
3577,七海学园系列,七河迦南,1
3578,因为貌似会被解除婚约抛弃，就开始当上军人千金,雪,1
3579,放学后委员,甲田学人,1
3580,毒咖啡事件,朝永理人,1
3581,异世界混浴物语,日日花长春,1
3582,恶役大小姐的执事大人 破灭旗帜由我来摧毁,绯色の雨,1
3583,终结的炽天使 一濑红莲、十九岁的世界再诞,镜贵也,1
3584,以反叛者之名遭到王国处刑的隐伏最强骑士 复苏的真正强者在帝国路线成为英雄,相模优斗,1
3585,败给了性格恶劣的天才青梅，初体验全部被夺走这件事,犬甘あんず,1
3586,黑狼王与白银人质公主～在边境之地得到最爱～,高冈未来,1
3587,我们的『阅读理解』出错了,水镜月圣,1
3588,少女夜行,宇佐美真琴,1
3589,魔石传记 获得魔物力量的我是最强的！,结城凉,1
3590,Stellar step,林星悟,1
3591,献给活在监狱的你们,松村凉哉,1
3592,奈奈闯祸倒数五秒钟,白石定规,1
3593,魔女之旅 学园,白石定规,1
3594,将我的永远全都献给你,汐见夏卫,1
3595,异世界忠臣藏～复仇的雷迪亚四十七武士～,伊达康,1
3596,旅行炼金术师的慢生活,川上とむ,1
3597,假面骑士响鬼 指向明日的指针,稻元おさむ,1
3598,夜兽使 黑镜,绫里惠史,1
3599,「你想一起睡对吧，学长？」在这样的甜蜜耳语下今晚又要睡不着了,ヰ森奇恋,1
3600,克琳希尔德与布伦希尔德(克里姆希尔德与布伦希尔德),东崎惟子,1
3601,项圈套不住魔女,梦见夕利,1
3602,Heartcatch光之美少女！,山田隆司,1
3603,三叶物语 诅咒少女与死亡乱舞,七泽またり,1
3604,我的女性朋友意外地有求必应,镜游,1
3605,邻座的不良少女清水同学染黑了头发,底花,1
3606,毒之王 觉醒最强力量的我征服美女们，成为发情后宫之主,レオナールD,1
3607,魔弹之王与天誓的鹫矢,濑尾つかさ,1
3608,TAMAYA,三月みどり,1
3609,独来独往的孤僻辣妹只想每天住在我家(谁都不想亲近的孤单辣妹，每天都想住在这里),朝野始,1
3610,主舞台的各种味道~基沃托斯晄轮大祭~,篠宮夕,1
3611,我的初恋太过羞耻无法对人诉说,伏见司,1
3612,D crackers,字野耕平,1
3613,Code Geass 亡国的阿基德,小太刀右京,1
3614,你是无法死去的染灰魔女,ハイヌミ,1
3615,被师傅强押债务的我，和美女千金们在魔术学园大开无双,雨音惠,1
3616,愿你手拥幸福,ショーン田中,1
3617,魔法师的搬家公司(魔女货拉拉),坂石游作,1
3618,在被称为勇者后－然后无双男结成家庭－,空野一树,1
3619,地雷格力高,青崎有吾,1
3620,初始攻击力为零的剑圣谭,大崎アイル,1
3621,半梦半醒之间，月色洁白,古宫九时,1
3622,我才不会退婚呢,ジュピタースタジオ,1
3623,JOJO的奇妙冒险 无限之王,真藤顺丈,1
3624,在异世界获得超强能力的我，在现实世界照样无敌 GIRLS SIDE～绮丽少女们的冒险使世界为之一变～,琴平棱,1
3625,捡到小猫，我也仅是小猫,绫加奈,1
3626,金眼的精灵术师,kotori5,1
3627,【悲报】大小姐系底边迷宫主播，没发觉尚未关台就暴打了同行,赤城大空,1
3628,全金属狂潮！Family,贺东招二,1
3629,魔术师库诺看得见一切,南野海风,1
3630,骄矜狂妄反派贵族的恶行恶状,黑雪ゆきは,1
3631,纯白与黄金,夏目纯白,1
3632,转生为注定会被剧情杀的「设定上最强角色」的我，决定折断所有死亡旗帜,としぞう,1
3633,超强度可爱间谍战~优柔寡断的黑姬小姐~,方波见咲,1
3634,迷宫狂走曲～到了色情游戏世界却无视色情要素，以最强为目标的路人转生者～,宫迫宗一郎,1
3635,谁杀了勇者(是谁杀死了勇者),駄犬,1
3636,被干架最强的辣妹拖着走的放学后生活 得到她们的喜爱，我也变成最强！？,亚逸,1
3637,欺骗色的青春,三船いずれ,1
3638,COMPASS 英雄观察记录,香坂茉里,1
3639,不动火轮一动不动,森田季节,1
3640,可以雇用我一辈子吗？～与不苟言笑的魔法师共同展开的二次就业生活～,yokuu,1
3641,夺取天下的少女,宫岛未奈,1
3642,被竞选为最想娶作妻子排行第一的后辈抓住把柄了,岩波零,1
3643,迪斯科侦探星期三,舞城王太郎,1
3644,你的名字 Another Side：Earthbound,加纳新太,1
3645,匿名拯救了厌男美女姊妹后会发生什么事？,みょん,1
3646,你最后留下的歌,一条岬,1
3647,再见的彼岸,清水晴木,1
3648,太阳频道,漆原雪人,1
3649,少女事件,西条阳,1
3650,善于观察的我不放过毒舌冷娇美少女任何娇羞之处，向她步步逼近,ふか田さめたろう,1
3651,为何我总是成为S级美女们的话题,脇岡こなつ,1
3652,神之眼点亮灰色世界～靠只有我看得见的状态栏，从最弱冲上最强～,KAZU,1
3653,区区平民竟敢这么嚣张！,いのり。,1
3654,Vivy Prototype 薇薇：原典,合作,1
3655,恶魔想要玩具,水泽梦,1
3656,葬送的芙莉莲～前奏～,八目迷,1
3657,贵族千金只愿意亲近我(贵族千金，只与我亲近),夏乃实,1
3658,高达创战者,あすか正太,1
3659,假定反派千金似乎要嫁给全国最丑的男人,惠ノ岛すず,1
3660,恶魔纹章,川原砾,1
3661,直到教室只剩下一个人,浅仓秋成,1
3662,我被踢出勇者队伍而回到老家，但队员们竟然全都跟了过来,木の芽,1
3663,莫斯科2160,蜗牛くも,1
3664,假面骑士EVE,早濑マサト,1
3665,你以为我的百合人设只是商业卖点？,アサクラネル,1
3666,向恋爱顾问的挚友（♀）传达自己被人告白的话,紫ユウ,1
3667,四人制姐妹百合物帐,石川博品,1
3668,碓冰与她与六三,阿罗本景,1
3669,我被告白之后，大小姐的样子有点怪,左リュウ,1
3670,不和双胞胎一起『谈恋爱』吗？,白井ムク,1
3671,人渣,五月什一,1
3672,双生恋情密不可分,高村资本,1
3673,转生成反派千金的哥哥,内河弘儿,1
3674,魔术侦探·时崎狂三事件簿,橘公司,1
3675,三途河畔的阿兰陀书店,野村美月,1
3676,余命一年的我，遇见了余命半年的你,森田碧,1
3677,那年夏天，在梦境尾声坠入爱河,冬野夜空,1
3678,少女庭国,矢部嵩,1
3679,旋风管家剧场版！HEAVEN IS A PLACE ON EARTH,加纳新太,1
3680,小鸟游酱过于喜爱腰斩漫画,望公太,1
3681,只有我知道犯人是谁,松村凉哉,1
3682,即使我喜欢你，你也依然是我的粉丝吗？,恵比须清司,1
3683,联谊去凑人数的我，把不知为何没人追的前人气偶像国宝级美少女带回家了。,星野星野,1
3684,以为有钱就了不起的客人，请默默找个地方去死,夕鹭叶,1
3685,剖开肚子只会流出血,住野夜,1
3686,反派富二代充满误会的圣者生活～第二次人生明明只想随心所欲度过～,木の芽,1
3687,新世界 现在篇,入间人间,1
3688,乡下大叔成为剑圣～只是区区乡下剑术师傅，成大器的弟子们却不肯放过我～,佐贺崎しげる,1
3689,最强剑圣转生成美少女女仆用扫帚大展身手,三日月猫,1
3690,夏日幽灵,乙一,1
3691,没人会特地去杀僵尸,小林泰三,1
3692,魔女与佣兵,超法规的かえる,1
3693,在这得说猫语,昏式龙也,1
3694,天才少女在引力场中起舞,绪乃ワサビ,1
3695,隐世魔女不曾知晓~入学魔法学园的天才妹妹，竟到处宣扬自己的姐姐要更厉害~,相野仁,1
3696,家里貌似冒出来个做家务的陌生女孩。但长挺可爱的，我瞅瞅情况再说,モノクロウサギ,1
3697,罪恶王冠外传 亡池的公主,砂阿久雁,1
3698,圣女大人？不，我只是路过的魔物使！～绝对无敌的圣女与毛茸茸踏上旅途～,犬魔人,1
3699,机动战士高达战记 Lost War Chronicles,林让治,1
3700,Storm Bring World,冲方丁,1
3701,我和隔壁班美少女共度甜蜜校园生活，但事到如今实在无法承认当初搞错了告白对象,サトウとシオ,1
3702,把我甩了的学生，每周撒娇一次的恋爱喜剧,田口一,1
3703,蜘蛛与制服,入江君人,1
3704,我不断打倒金属史莱姆，直到成为【黑钢之王】,温泉カピバラ,1
3705,转生成反派千金与反派王子的我们,秋作,1
3706,剑与魔法与学历社会～前世是书呆子的我，今生要随心所欲自由自在地活～,西浦真鱼,1
3707,无名之星的悲歌,结城真一郎,1
3708,暗影闪耀于夜幕,佐岛勤,1
3709,被逐出勇者小队的精灵术士 不得志职种觉醒成最高等级，与真正的伙伴一同称霸五大迷宫,まさキチ,1
3710,邻座的高岭之花似乎是我前世的妻子。今生好像也超喜欢我。,渡路,1
3711,我和这家伙推的偶像是宇宙世界第一可爱的,りんごかげき,1
3712,TS卫生兵的战场日记,まさきたま,1
3713,阁楼间的公爵夫人,もり,1
3714,捕食者系魔法少女,バショウ科バショウ属,1
3715,二号的我与第一的她,和尚,1
3716,初恋Signal,玉置こさめ,1
3717,在最想交往的女孩第一名，身边发现的小余,裕时悠示,1
3718,反派千金与反派少爷若是在相遇后坠入情网,榛名井,1
3719,圣剑姬与神盟骑士团,杉原智则,1
3720,虽然世界变成怪物横行 有可以依赖的猫就没问题,よっしゃあっ！,1
3721,淡海乃海 水面动荡之时～被三英杰讨厌的不幸之男 朽木基纲的逆袭～,イスラーフィール,1
3722,余命99天的我，遇到了看得见死亡的你,森田碧,1
3723,她她,合作,1
3724,这场恋爱是全世界最美的雨,宇山佳佑,1
3725,白狗相伴的岁月,伊吹有喜,1
3726,失忆少女,汐月诗,1
3727,一公升的眼泪,木藤亚也,1
3728,再见了说谎的人鱼公主,汐见夏卫,1
3729,鹿王,上桥菜穗子,1
3730,想要确定真命天女之前，可以先拿我试试哦。,有丈ほえる,1
3731,我与她的夏日重现,木立花音,1
3732,奴隶们对我充满期待与好评，害我无法压榨她们,急川回レ,1
3733,一周后，我会杀了你,幼田ヒロ,1
3734,献给你的故事,森日向,1
3735,少女星间漂流记,东崎惟子,1
3736,儿时玩伴成为人气偶像～甜美的她们负责供养我～,くろねこどらごん,1
3737,不管我怎么选，都会变成SS级美少女们的目光焦点,春日部武,1
3738,在满月之夜找到你,冬野夜空,1
3739,朱华姬的亲卫,白川绀子,1
3740,在谎言的世界里，我谈了一场难忘的恋爱,一条岬,1
3741,黑杖特搜官,古桥秀之,1
3742,猫JK与上班族,秋乃つかさ,1
3743,拼死回避全灭结局。队伍的精神出了问题。,雨糸雀,1
3744,我在当校内三大美女的小白脸,晓贵々,1
3745,将告别之花束，献予天使胸膛~余命为负的我想在死前做的一件事~,叶月文,1
3746,第十年，放弃回归的转移者才甘愿变成主角,冰纯,1
3747,「你不敢吻我对吧？」自大的青梅竹马挑衅我，结果她比我想像中更容易害羞,樱木樱,1
3748,跟路人一样的反派千金女扮男装谋取攻略对象的宝座,冈崎マサムネ,1
3749,恋爱与之后的一切,住野夜,1
3750,宫泽君的恋爱愚蠢至极,中西鼎,1
